transaction_id,account_code,level_code,version,period_date,amount
TXN0000001,HC002,L04,Actual,2025-08-01,18.0
TXN0000002,EXP024,L10,Actual,2026-04-01,64923.08
TXN0000003,EXP010,L07,Forecast,2026-05-01,240443.88
TXN0000004,EXP052,L04,Budget,2025-02-01,391706.28
TXN0000005,EXP024,L10,Budget,2025-08-01,37809.06
TXN0000006,EXP059,L07,Budget,2025-03-01,246949.08
TXN0000007,EXP036,L06,Budget,2025-09-01,33543.63
TXN0000008,EXP060,L07,Actual,2026-03-01,61313.68
TXN0000009,EXP005,L05,Actual,2025-09-01,348661.47
TXN0000010,EXP007,L02,Budget,2026-02-01,126016.14
TXN0000011,EXP034,L11,Budget,2025-08-01,348980.42
TXN0000012,EXP040,L10,Budget,2025-06-01,116720.71
TXN0000013,EXP031,L10,Actual,2025-06-01,96025.6
TXN0000014,EXP052,L04,Budget,2025-03-01,28818.08
TXN0000015,EXP002,L10,Actual,2025-06-01,214513.42
TXN0000016,EXP050,L10,Actual,2026-06-01,304822.39
TXN0000017,EXP047,L07,Budget,2025-05-01,214395.62
TXN0000018,EXP007,L02,Budget,2025-01-01,131540.19
TXN0000019,EXP006,L08,Actual,2026-05-01,325695.69
TXN0000020,EXP033,L05,Forecast,2025-02-01,158734.66
TXN0000021,EXP006,L08,Budget,2026-04-01,64051.95
TXN0000022,EXP004,L10,Budget,2025-12-01,230398.07
TXN0000023,HC003,L08,Actual,2025-08-01,30.0
TXN0000024,EXP007,L02,Forecast,2025-04-01,285945.02
TXN0000025,EXP006,L08,Forecast,2025-02-01,28695.46
TXN0000026,EXP025,L08,Budget,2025-01-01,116306.59
TXN0000027,EXP034,L11,Actual,2026-01-01,221025.67
TXN0000028,EXP047,L07,Actual,2026-05-01,187714.85
TXN0000029,EXP042,L12,Forecast,2025-12-01,314981.12
TXN0000030,EXP037,L01,Forecast,2026-01-01,301149.24
TXN0000031,EXP034,L11,Actual,2025-06-01,202254.71
TXN0000032,EXP032,L01,Budget,2025-02-01,84343.42
TXN0000033,EXP039,L07,Actual,2025-10-01,47983.41
TXN0000034,EXP058,L12,Actual,2026-01-01,151625.8
TXN0000035,EXP024,L10,Budget,2025-11-01,195914.19
TXN0000036,EXP049,L04,Budget,2025-07-01,175343.94
TXN0000037,EXP041,L06,Budget,2026-03-01,346348.48
TXN0000038,EXP051,L01,Forecast,2025-05-01,260330.39
TXN0000039,EXP020,L04,Actual,2025-08-01,58641.5
TXN0000040,EXP058,L12,Budget,2026-03-01,102662.14
TXN0000041,EXP026,L04,Actual,2026-03-01,149883.71
TXN0000042,EXP009,L04,Actual,2025-05-01,167488.41
TXN0000043,REV004,L01,Budget,2025-05-01,812483.04
TXN0000044,EXP060,L07,Budget,2025-10-01,150866.19
TXN0000045,EXP023,L07,Actual,2026-01-01,355044.52
TXN0000046,EXP056,L07,Actual,2025-03-01,240098.11
TXN0000047,EXP023,L07,Forecast,2026-06-01,191889.02
TXN0000048,EXP060,L07,Actual,2025-03-01,142288.01
TXN0000049,EXP008,L02,Actual,2026-05-01,68046.27
TXN0000050,EXP002,L10,Budget,2026-06-01,109304.23
TXN0000051,REV002,L09,Forecast,2025-07-01,586073.33
TXN0000052,EXP024,L10,Budget,2026-03-01,162558.0
TXN0000053,EXP052,L04,Forecast,2026-03-01,140076.45
TXN0000054,EXP021,L02,Actual,2025-12-01,22264.71
TXN0000055,EXP034,L11,Forecast,2025-04-01,353646.15
TXN0000056,EXP049,L04,Actual,2026-02-01,305928.58
TXN0000057,REV003,L10,Forecast,2026-06-01,669364.77
TXN0000058,EXP037,L01,Forecast,2025-03-01,399460.52
TXN0000059,EXP005,L05,Actual,2025-11-01,264925.27
TXN0000060,EXP029,L08,Forecast,2025-09-01,59292.69
TXN0000061,EXP049,L04,Budget,2025-03-01,247515.99
TXN0000062,HC003,L08,Actual,2025-08-01,3.0
TXN0000063,REV003,L10,Actual,2025-01-01,860525.71
TXN0000064,EXP008,L02,Actual,2025-07-01,168200.44
TXN0000065,EXP053,L08,Budget,2026-02-01,219728.28
TXN0000066,HC002,L04,Budget,2025-01-01,5.0
TXN0000067,EXP006,L08,Budget,2025-09-01,291440.7
TXN0000068,EXP051,L01,Budget,2025-08-01,188386.03
TXN0000069,EXP006,L08,Forecast,2026-04-01,47466.33
TXN0000070,EXP043,L10,Actual,2025-11-01,247485.74
TXN0000071,EXP024,L10,Actual,2025-09-01,231663.3
TXN0000072,EXP036,L06,Forecast,2025-11-01,253346.76
TXN0000073,EXP021,L02,Forecast,2025-05-01,267765.24
TXN0000074,EXP054,L07,Forecast,2026-05-01,273675.37
TXN0000075,EXP052,L04,Forecast,2025-08-01,92027.16
TXN0000076,REV002,L09,Actual,2026-04-01,281360.25
TXN0000077,EXP033,L05,Actual,2026-04-01,389158.94
TXN0000078,EXP026,L04,Budget,2025-10-01,321066.17
TXN0000079,HC002,L04,Budget,2025-05-01,36.0
TXN0000080,EXP010,L07,Budget,2025-08-01,186810.34
TXN0000081,EXP005,L05,Budget,2026-06-01,203325.78
TXN0000082,EXP027,L02,Forecast,2026-01-01,168878.03
TXN0000083,EXP022,L04,Actual,2025-03-01,98512.69
TXN0000084,EXP040,L10,Actual,2025-03-01,310436.48
TXN0000085,EXP060,L07,Budget,2026-02-01,163558.03
TXN0000086,EXP028,L12,Budget,2026-02-01,190323.31
TXN0000087,REV002,L09,Actual,2025-12-01,150492.44
TXN0000088,HC001,L04,Actual,2026-04-01,60.0
TXN0000089,EXP026,L04,Forecast,2025-07-01,163316.44
TXN0000090,EXP055,L06,Budget,2025-10-01,98807.88
TXN0000091,EXP052,L04,Budget,2025-11-01,65358.42
TXN0000092,EXP021,L02,Forecast,2026-01-01,341573.04
TXN0000093,EXP002,L10,Budget,2025-03-01,318885.33
TXN0000094,REV001,L04,Budget,2026-06-01,414261.23
TXN0000095,EXP058,L12,Budget,2025-05-01,396751.23
TXN0000096,REV001,L04,Actual,2025-06-01,77781.93
TXN0000097,EXP019,L03,Actual,2025-12-01,267091.18
TXN0000098,EXP001,L02,Budget,2025-06-01,357366.13
TXN0000099,EXP022,L04,Budget,2025-02-01,398533.58
TXN0000100,EXP001,L02,Budget,2025-01-01,328929.05
TXN0000101,EXP008,L02,Budget,2026-01-01,330027.99
TXN0000102,EXP032,L01,Budget,2025-09-01,238161.32
TXN0000103,EXP040,L10,Forecast,2025-03-01,333057.28
TXN0000104,EXP019,L03,Budget,2025-03-01,186009.95
TXN0000105,EXP055,L06,Actual,2025-06-01,258098.68
TXN0000106,EXP045,L04,Forecast,2025-04-01,199573.38
TXN0000107,EXP010,L07,Forecast,2025-10-01,14749.43
TXN0000108,EXP055,L06,Actual,2025-06-01,278573.69
TXN0000109,EXP052,L04,Actual,2025-12-01,380778.42
TXN0000110,EXP020,L04,Actual,2026-01-01,168351.9
TXN0000111,EXP060,L07,Budget,2025-10-01,267169.64
TXN0000112,EXP009,L04,Budget,2026-03-01,61190.93
TXN0000113,EXP005,L05,Budget,2025-03-01,25381.74
TXN0000114,EXP057,L08,Budget,2025-05-01,44854.45
TXN0000115,EXP029,L08,Budget,2025-05-01,289662.35
TXN0000116,EXP019,L03,Actual,2025-11-01,232549.58
TXN0000117,EXP046,L06,Actual,2026-02-01,165132.46
TXN0000118,EXP060,L07,Forecast,2026-06-01,292293.42
TXN0000119,EXP020,L04,Forecast,2025-07-01,358444.68
TXN0000120,EXP042,L12,Budget,2025-12-01,64299.32
TXN0000121,EXP008,L02,Actual,2025-03-01,21467.05
TXN0000122,EXP054,L07,Actual,2026-01-01,76251.87
TXN0000123,EXP032,L01,Actual,2026-01-01,313922.46
TXN0000124,EXP056,L07,Actual,2026-03-01,54895.5
TXN0000125,EXP021,L02,Forecast,2026-02-01,264045.12
TXN0000126,EXP059,L07,Forecast,2025-06-01,4960.6
TXN0000127,EXP051,L01,Budget,2025-09-01,167488.81
TXN0000128,EXP032,L01,Actual,2025-05-01,18726.14
TXN0000129,EXP004,L10,Budget,2026-05-01,242360.89
TXN0000130,HC003,L08,Budget,2025-06-01,27.0
TXN0000131,REV003,L10,Budget,2025-12-01,654660.44
TXN0000132,EXP052,L04,Forecast,2025-12-01,136197.57
TXN0000133,EXP002,L10,Actual,2026-05-01,82281.86
TXN0000134,EXP005,L05,Actual,2026-05-01,110831.52
TXN0000135,EXP026,L04,Forecast,2025-07-01,175105.19
TXN0000136,EXP047,L07,Budget,2026-03-01,385728.72
TXN0000137,EXP038,L09,Forecast,2025-10-01,216439.32
TXN0000138,EXP049,L04,Actual,2025-02-01,115225.3
TXN0000139,REV002,L09,Actual,2025-03-01,453339.93
TXN0000140,EXP057,L08,Actual,2026-03-01,365813.87
TXN0000141,EXP039,L07,Forecast,2025-08-01,369389.63
TXN0000142,EXP054,L07,Forecast,2025-08-01,180809.99
TXN0000143,EXP020,L04,Forecast,2025-02-01,327061.03
TXN0000144,EXP043,L10,Forecast,2025-09-01,159135.41
TXN0000145,REV001,L04,Forecast,2025-08-01,84462.52
TXN0000146,EXP053,L08,Actual,2025-08-01,159998.11
TXN0000147,EXP028,L12,Budget,2025-03-01,321351.69
TXN0000148,HC003,L08,Forecast,2026-06-01,27.0
TXN0000149,REV002,L09,Forecast,2025-10-01,703565.73
TXN0000150,EXP043,L10,Budget,2026-04-01,395569.62
TXN0000151,EXP009,L04,Forecast,2026-06-01,116447.74
TXN0000152,EXP003,L12,Budget,2026-01-01,225180.38
TXN0000153,EXP022,L04,Budget,2026-06-01,263128.81
TXN0000154,REV001,L04,Forecast,2026-02-01,117725.36
TXN0000155,EXP042,L12,Budget,2026-04-01,10234.98
TXN0000156,EXP004,L10,Forecast,2025-09-01,69271.01
TXN0000157,EXP019,L03,Forecast,2025-09-01,167399.11
TXN0000158,EXP058,L12,Actual,2025-07-01,292206.39
TXN0000159,EXP024,L10,Budget,2025-10-01,125177.98
TXN0000160,EXP035,L07,Forecast,2026-06-01,256331.0
TXN0000161,REV005,L03,Budget,2025-04-01,775075.74
TXN0000162,REV001,L04,Budget,2025-03-01,711865.14
TXN0000163,EXP051,L01,Actual,2025-06-01,47121.56
TXN0000164,EXP029,L08,Actual,2025-04-01,201184.3
TXN0000165,EXP054,L07,Forecast,2026-03-01,205290.28
TXN0000166,EXP031,L10,Forecast,2025-09-01,314627.81
TXN0000167,EXP023,L07,Budget,2025-12-01,72206.62
TXN0000168,EXP052,L04,Budget,2026-06-01,378086.41
TXN0000169,EXP047,L07,Budget,2025-03-01,396864.95
TXN0000170,EXP006,L08,Budget,2025-11-01,65815.25
TXN0000171,EXP053,L08,Forecast,2026-06-01,79279.84
TXN0000172,EXP060,L07,Forecast,2025-12-01,13856.06
TXN0000173,EXP055,L06,Actual,2026-02-01,43220.62
TXN0000174,EXP033,L05,Actual,2025-07-01,68674.16
TXN0000175,EXP040,L10,Forecast,2026-04-01,309838.43
TXN0000176,EXP048,L04,Forecast,2025-03-01,390502.63
TXN0000177,EXP048,L04,Budget,2026-04-01,223868.19
TXN0000178,EXP030,L12,Actual,2025-11-01,257725.9
TXN0000179,EXP008,L02,Budget,2025-02-01,182257.95
TXN0000180,REV001,L04,Forecast,2025-12-01,64553.13
TXN0000181,EXP043,L10,Actual,2025-11-01,167382.41
TXN0000182,EXP054,L07,Budget,2025-11-01,345078.72
TXN0000183,EXP001,L02,Budget,2025-04-01,238670.1
TXN0000184,EXP036,L06,Budget,2025-05-01,190425.06
TXN0000185,EXP036,L06,Forecast,2025-11-01,49661.71
TXN0000186,EXP052,L04,Budget,2025-11-01,99922.95
TXN0000187,EXP035,L07,Actual,2025-10-01,17497.64
TXN0000188,EXP002,L10,Budget,2025-10-01,266599.82
TXN0000189,EXP004,L10,Forecast,2025-09-01,326645.95
TXN0000190,EXP005,L05,Actual,2025-11-01,340195.33
TXN0000191,REV005,L03,Forecast,2025-12-01,113844.91
TXN0000192,EXP020,L04,Forecast,2025-10-01,163934.61
TXN0000193,REV002,L09,Actual,2025-11-01,207059.73
TXN0000194,EXP001,L02,Budget,2026-05-01,241956.75
TXN0000195,EXP055,L06,Budget,2025-12-01,47122.92
TXN0000196,HC002,L04,Actual,2025-11-01,57.0
TXN0000197,EXP003,L12,Budget,2025-07-01,233726.82
TXN0000198,EXP001,L02,Budget,2025-02-01,112052.93
TXN0000199,EXP054,L07,Forecast,2026-06-01,365363.34
TXN0000200,EXP001,L02,Forecast,2026-06-01,374213.3
TXN0000201,EXP056,L07,Forecast,2026-06-01,120288.15
TXN0000202,EXP036,L06,Forecast,2025-10-01,41973.42
TXN0000203,EXP026,L04,Budget,2025-10-01,367697.65
TXN0000204,EXP027,L02,Budget,2025-11-01,109081.18
TXN0000205,REV004,L01,Budget,2025-03-01,130167.72
TXN0000206,EXP038,L09,Budget,2025-04-01,356778.15
TXN0000207,REV003,L10,Actual,2025-12-01,395090.39
TXN0000208,EXP002,L10,Actual,2025-06-01,237159.83
TXN0000209,EXP036,L06,Budget,2025-03-01,134957.01
TXN0000210,EXP007,L02,Forecast,2025-04-01,253073.87
TXN0000211,REV002,L09,Actual,2025-07-01,669436.36
TXN0000212,EXP004,L10,Budget,2026-05-01,96957.44
TXN0000213,EXP027,L02,Budget,2026-05-01,350278.95
TXN0000214,EXP037,L01,Forecast,2025-07-01,198075.82
TXN0000215,HC001,L04,Budget,2026-02-01,14.0
TXN0000216,EXP040,L10,Forecast,2026-01-01,78603.77
TXN0000217,EXP034,L11,Actual,2025-12-01,56211.78
TXN0000218,EXP038,L09,Actual,2025-10-01,109205.37
TXN0000219,EXP040,L10,Budget,2026-02-01,103489.72
TXN0000220,EXP039,L07,Actual,2025-01-01,391170.71
TXN0000221,EXP026,L04,Forecast,2025-07-01,299220.68
TXN0000222,EXP045,L04,Budget,2025-06-01,326149.6
TXN0000223,EXP038,L09,Budget,2025-08-01,54714.53
TXN0000224,REV003,L10,Budget,2025-08-01,683148.13
TXN0000225,EXP047,L07,Budget,2026-01-01,54918.9
TXN0000226,EXP009,L04,Actual,2025-04-01,230680.74
TXN0000227,EXP042,L12,Budget,2025-04-01,332328.34
TXN0000228,REV001,L04,Actual,2025-04-01,340153.44
TXN0000229,EXP029,L08,Budget,2025-05-01,290277.06
TXN0000230,EXP051,L01,Budget,2025-12-01,131394.42
TXN0000231,EXP027,L02,Actual,2026-05-01,272765.18
TXN0000232,EXP029,L08,Forecast,2025-07-01,343386.98
TXN0000233,EXP005,L05,Budget,2026-01-01,142564.92
TXN0000234,EXP056,L07,Forecast,2025-08-01,196985.51
TXN0000235,HC003,L08,Actual,2025-02-01,17.0
TXN0000236,REV001,L04,Actual,2026-03-01,184814.33
TXN0000237,EXP051,L01,Budget,2026-03-01,210664.23
TXN0000238,EXP009,L04,Actual,2025-04-01,352760.02
TXN0000239,EXP005,L05,Actual,2025-09-01,72469.91
TXN0000240,EXP050,L10,Budget,2026-04-01,314706.7
TXN0000241,EXP034,L11,Budget,2026-03-01,140441.51
TXN0000242,EXP042,L12,Budget,2026-03-01,81967.75
TXN0000243,EXP056,L07,Actual,2026-04-01,385476.25
TXN0000244,HC003,L08,Budget,2026-04-01,15.0
TXN0000245,EXP029,L08,Budget,2025-01-01,312841.11
TXN0000246,EXP042,L12,Actual,2026-01-01,89111.41
TXN0000247,EXP036,L06,Forecast,2025-05-01,45710.11
TXN0000248,EXP047,L07,Actual,2026-05-01,103414.85
TXN0000249,EXP002,L10,Actual,2026-05-01,320185.61
TXN0000250,EXP048,L04,Actual,2025-01-01,27061.17
TXN0000251,EXP057,L08,Budget,2025-08-01,359712.72
TXN0000252,HC002,L04,Budget,2026-06-01,55.0
TXN0000253,EXP040,L10,Forecast,2026-05-01,368887.34
TXN0000254,EXP041,L06,Actual,2026-05-01,3341.59
TXN0000255,REV002,L09,Actual,2026-06-01,406767.24
TXN0000256,EXP022,L04,Budget,2026-04-01,78980.82
TXN0000257,EXP002,L10,Forecast,2025-10-01,288910.55
TXN0000258,EXP028,L12,Actual,2025-09-01,235304.56
TXN0000259,EXP041,L06,Actual,2025-12-01,40243.79
TXN0000260,EXP031,L10,Forecast,2025-07-01,356322.31
TXN0000261,EXP021,L02,Budget,2025-11-01,144038.5
TXN0000262,EXP049,L04,Budget,2026-06-01,134704.82
TXN0000263,EXP010,L07,Actual,2026-06-01,8539.69
TXN0000264,REV005,L03,Budget,2025-05-01,246608.77
TXN0000265,EXP056,L07,Budget,2025-07-01,187898.98
TXN0000266,EXP035,L07,Forecast,2025-03-01,42840.83
TXN0000267,EXP036,L06,Actual,2025-05-01,89851.4
TXN0000268,EXP009,L04,Budget,2025-12-01,40548.76
TXN0000269,HC002,L04,Budget,2026-02-01,8.0
TXN0000270,HC003,L08,Forecast,2026-03-01,58.0
TXN0000271,EXP009,L04,Budget,2025-11-01,369579.73
TXN0000272,EXP040,L10,Budget,2025-03-01,322555.49
TXN0000273,EXP051,L01,Forecast,2026-06-01,299074.26
TXN0000274,EXP049,L04,Budget,2025-02-01,191452.96
TXN0000275,HC003,L08,Forecast,2025-06-01,43.0
TXN0000276,EXP049,L04,Forecast,2025-01-01,370638.83
TXN0000277,EXP032,L01,Budget,2026-02-01,355212.37
TXN0000278,EXP002,L10,Budget,2026-05-01,233985.93
TXN0000279,EXP060,L07,Forecast,2025-09-01,2036.98
TXN0000280,EXP045,L04,Actual,2025-12-01,301824.3
TXN0000281,EXP036,L06,Forecast,2025-06-01,12705.95
TXN0000282,EXP002,L10,Forecast,2025-01-01,267584.84
TXN0000283,EXP008,L02,Budget,2025-06-01,95219.38
TXN0000284,REV003,L10,Forecast,2025-06-01,216477.65
TXN0000285,EXP009,L04,Budget,2025-05-01,119409.99
TXN0000286,REV004,L01,Forecast,2026-03-01,241781.4
TXN0000287,EXP004,L10,Budget,2025-04-01,290846.05
TXN0000288,EXP047,L07,Budget,2025-12-01,251597.97
TXN0000289,EXP057,L08,Actual,2026-02-01,63263.93
TXN0000290,REV005,L03,Budget,2026-04-01,371373.22
TXN0000291,EXP006,L08,Actual,2025-02-01,214145.81
TXN0000292,EXP044,L03,Actual,2025-04-01,35761.27
TXN0000293,EXP006,L08,Budget,2025-03-01,63188.4
TXN0000294,EXP002,L10,Actual,2025-08-01,280475.64
TXN0000295,EXP006,L08,Actual,2026-05-01,286061.48
TXN0000296,EXP057,L08,Forecast,2026-05-01,380086.82
TXN0000297,EXP060,L07,Forecast,2025-11-01,354782.5
TXN0000298,EXP006,L08,Forecast,2026-06-01,264885.62
TXN0000299,EXP009,L04,Actual,2026-02-01,70509.74
TXN0000300,EXP054,L07,Actual,2025-09-01,127660.62
TXN0000301,EXP039,L07,Budget,2025-01-01,80115.32
TXN0000302,EXP019,L03,Actual,2026-06-01,187017.62
TXN0000303,EXP001,L02,Forecast,2025-04-01,319047.52
TXN0000304,EXP004,L10,Budget,2025-08-01,295327.42
TXN0000305,EXP035,L07,Budget,2026-06-01,192770.03
TXN0000306,EXP059,L07,Forecast,2025-05-01,23027.02
TXN0000307,EXP007,L02,Forecast,2025-08-01,319979.27
TXN0000308,HC001,L04,Budget,2026-05-01,55.0
TXN0000309,EXP039,L07,Forecast,2025-03-01,98114.9
TXN0000310,EXP036,L06,Budget,2025-11-01,210980.2
TXN0000311,EXP001,L02,Actual,2025-09-01,134166.19
TXN0000312,EXP004,L10,Budget,2025-02-01,172232.84
TXN0000313,EXP055,L06,Budget,2025-05-01,321542.28
TXN0000314,EXP010,L07,Forecast,2025-03-01,208146.12
TXN0000315,EXP040,L10,Actual,2025-03-01,170004.72
TXN0000316,EXP041,L06,Forecast,2025-03-01,295620.96
TXN0000317,EXP021,L02,Actual,2025-06-01,273172.9
TXN0000318,EXP055,L06,Actual,2025-01-01,15176.24
TXN0000319,REV001,L04,Budget,2025-01-01,783452.92
TXN0000320,EXP047,L07,Budget,2025-03-01,130353.65
TXN0000321,EXP049,L04,Forecast,2025-03-01,34887.78
TXN0000322,EXP008,L02,Actual,2025-04-01,176713.67
TXN0000323,EXP058,L12,Forecast,2025-12-01,24784.54
TXN0000324,EXP041,L06,Forecast,2025-01-01,288251.71
TXN0000325,EXP023,L07,Actual,2026-01-01,269527.07
TXN0000326,EXP051,L01,Forecast,2025-10-01,301506.67
TXN0000327,HC002,L04,Budget,2025-03-01,35.0
TXN0000328,EXP053,L08,Budget,2026-06-01,191757.78
TXN0000329,EXP032,L01,Forecast,2025-03-01,61929.74
TXN0000330,EXP053,L08,Actual,2026-05-01,249418.68
TXN0000331,REV003,L10,Actual,2026-01-01,448543.23
TXN0000332,EXP033,L05,Actual,2026-03-01,12448.04
TXN0000333,EXP039,L07,Budget,2025-01-01,265490.77
TXN0000334,EXP057,L08,Budget,2026-01-01,139450.16
TXN0000335,EXP022,L04,Budget,2025-12-01,290111.89
TXN0000336,HC003,L08,Forecast,2025-05-01,26.0
TXN0000337,EXP025,L08,Forecast,2025-04-01,95849.11
TXN0000338,EXP005,L05,Actual,2026-05-01,92682.21
TXN0000339,EXP021,L02,Actual,2025-02-01,147751.84
TXN0000340,EXP053,L08,Budget,2026-01-01,292380.67
TXN0000341,EXP036,L06,Forecast,2025-02-01,250756.73
TXN0000342,REV004,L01,Actual,2025-07-01,254331.38
TXN0000343,EXP039,L07,Forecast,2026-06-01,185089.41
TXN0000344,EXP023,L07,Budget,2026-05-01,75537.04
TXN0000345,REV005,L03,Budget,2025-09-01,731694.66
TXN0000346,EXP060,L07,Budget,2026-01-01,102620.42
TXN0000347,EXP034,L11,Budget,2026-06-01,366263.5
TXN0000348,EXP048,L04,Budget,2025-09-01,250980.21
TXN0000349,HC002,L04,Forecast,2025-06-01,36.0
TXN0000350,EXP031,L10,Actual,2025-08-01,207234.01
TXN0000351,EXP025,L08,Forecast,2025-07-01,212271.88
TXN0000352,REV005,L03,Actual,2025-09-01,255893.11
TXN0000353,EXP044,L03,Budget,2025-05-01,279264.53
TXN0000354,EXP040,L10,Forecast,2025-10-01,290943.87
TXN0000355,EXP034,L11,Forecast,2025-10-01,164241.2
TXN0000356,EXP006,L08,Budget,2025-08-01,352019.55
TXN0000357,EXP049,L04,Forecast,2025-05-01,148566.09
TXN0000358,EXP047,L07,Forecast,2026-02-01,87121.98
TXN0000359,EXP020,L04,Actual,2025-03-01,185862.18
TXN0000360,REV003,L10,Actual,2025-10-01,853634.92
TXN0000361,EXP041,L06,Actual,2025-06-01,143161.08
TXN0000362,EXP049,L04,Actual,2025-10-01,346776.83
TXN0000363,REV003,L10,Budget,2026-01-01,720360.16
TXN0000364,EXP047,L07,Forecast,2025-12-01,137292.43
TXN0000365,EXP044,L03,Budget,2025-10-01,78285.48
TXN0000366,EXP056,L07,Forecast,2025-01-01,268128.42
TXN0000367,EXP031,L10,Actual,2025-10-01,165654.27
TXN0000368,HC003,L08,Actual,2026-05-01,37.0
TXN0000369,EXP053,L08,Forecast,2026-05-01,366677.23
TXN0000370,REV002,L09,Budget,2025-04-01,363116.02
TXN0000371,EXP036,L06,Forecast,2026-05-01,208461.27
TXN0000372,EXP054,L07,Actual,2025-11-01,290746.88
TXN0000373,EXP004,L10,Actual,2025-02-01,270123.76
TXN0000374,EXP022,L04,Budget,2025-10-01,275357.33
TXN0000375,REV004,L01,Actual,2025-08-01,223943.89
TXN0000376,EXP009,L04,Budget,2025-12-01,79342.91
TXN0000377,EXP034,L11,Actual,2025-11-01,353625.14
TXN0000378,EXP003,L12,Actual,2025-08-01,323068.59
TXN0000379,EXP052,L04,Budget,2025-03-01,39640.81
TXN0000380,EXP039,L07,Actual,2026-05-01,187647.11
TXN0000381,EXP057,L08,Budget,2026-06-01,21235.47
TXN0000382,EXP008,L02,Budget,2025-03-01,253087.69
TXN0000383,EXP008,L02,Actual,2025-07-01,55613.37
TXN0000384,EXP042,L12,Actual,2025-08-01,17606.04
TXN0000385,EXP027,L02,Budget,2025-03-01,382571.82
TXN0000386,EXP059,L07,Forecast,2026-05-01,199673.23
TXN0000387,EXP021,L02,Actual,2025-04-01,185761.82
TXN0000388,EXP033,L05,Actual,2026-06-01,288673.86
TXN0000389,EXP034,L11,Budget,2025-01-01,364781.34
TXN0000390,EXP009,L04,Budget,2025-01-01,235263.93
TXN0000391,EXP022,L04,Actual,2025-04-01,220796.69
TXN0000392,EXP054,L07,Forecast,2026-05-01,369881.94
TXN0000393,HC001,L04,Forecast,2026-01-01,22.0
TXN0000394,EXP031,L10,Forecast,2026-04-01,107027.09
TXN0000395,EXP019,L03,Forecast,2025-04-01,384226.69
TXN0000396,EXP059,L07,Actual,2025-01-01,353147.95
TXN0000397,EXP044,L03,Budget,2026-01-01,148426.13
TXN0000398,EXP051,L01,Actual,2025-05-01,354581.81
TXN0000399,REV005,L03,Actual,2025-03-01,737236.57
TXN0000400,EXP056,L07,Forecast,2025-10-01,45324.74
TXN0000401,EXP019,L03,Budget,2025-08-01,160006.85
TXN0000402,EXP031,L10,Actual,2025-01-01,235449.72
TXN0000403,EXP049,L04,Actual,2025-07-01,69899.07
TXN0000404,EXP047,L07,Budget,2025-07-01,243414.2
TXN0000405,EXP033,L05,Budget,2025-03-01,97576.67
TXN0000406,HC003,L08,Actual,2025-11-01,27.0
TXN0000407,REV005,L03,Budget,2025-09-01,843711.19
TXN0000408,EXP045,L04,Forecast,2025-10-01,53760.88
TXN0000409,EXP035,L07,Actual,2025-02-01,332174.06
TXN0000410,EXP041,L06,Budget,2025-11-01,96584.16
TXN0000411,EXP060,L07,Actual,2026-02-01,175277.76
TXN0000412,EXP051,L01,Forecast,2025-02-01,208697.02
TXN0000413,EXP002,L10,Budget,2025-05-01,171753.36
TXN0000414,EXP055,L06,Budget,2025-02-01,377651.49
TXN0000415,EXP056,L07,Budget,2026-05-01,354205.06
TXN0000416,EXP024,L10,Actual,2026-01-01,354046.76
TXN0000417,EXP001,L02,Budget,2026-01-01,63288.74
TXN0000418,EXP030,L12,Budget,2025-11-01,376243.08
TXN0000419,EXP009,L04,Budget,2025-06-01,307502.67
TXN0000420,HC002,L04,Actual,2025-12-01,4.0
TXN0000421,EXP053,L08,Actual,2026-05-01,221015.97
TXN0000422,EXP028,L12,Forecast,2025-04-01,195183.68
TXN0000423,EXP055,L06,Actual,2026-02-01,305694.69
TXN0000424,EXP042,L12,Budget,2025-07-01,393600.11
TXN0000425,EXP054,L07,Actual,2025-10-01,300366.01
TXN0000426,REV003,L10,Budget,2025-08-01,308405.27
TXN0000427,EXP036,L06,Budget,2026-05-01,394088.47
TXN0000428,EXP050,L10,Budget,2025-11-01,120779.22
TXN0000429,EXP031,L10,Forecast,2026-06-01,295189.93
TXN0000430,EXP034,L11,Budget,2026-02-01,20355.99
TXN0000431,EXP010,L07,Forecast,2025-12-01,246574.4
TXN0000432,EXP003,L12,Budget,2025-04-01,267476.25
TXN0000433,EXP029,L08,Forecast,2025-01-01,243061.46
TXN0000434,REV004,L01,Forecast,2025-12-01,894211.93
TXN0000435,EXP038,L09,Forecast,2025-03-01,321708.04
TXN0000436,EXP019,L03,Forecast,2025-06-01,374114.71
TXN0000437,EXP046,L06,Actual,2025-09-01,233993.84
TXN0000438,EXP006,L08,Actual,2026-02-01,307118.14
TXN0000439,EXP037,L01,Actual,2025-10-01,332452.31
TXN0000440,EXP042,L12,Forecast,2026-03-01,37682.56
TXN0000441,EXP034,L11,Actual,2025-05-01,215035.31
TXN0000442,EXP024,L10,Forecast,2026-01-01,255437.25
TXN0000443,EXP037,L01,Budget,2025-05-01,133480.82
TXN0000444,EXP002,L10,Actual,2025-01-01,309375.2
TXN0000445,EXP057,L08,Actual,2025-07-01,381408.82
TXN0000446,EXP057,L08,Budget,2025-04-01,75611.93
TXN0000447,EXP050,L10,Budget,2025-10-01,312650.19
TXN0000448,EXP050,L10,Actual,2026-01-01,226438.22
TXN0000449,REV004,L01,Actual,2025-01-01,891519.25
TXN0000450,EXP031,L10,Budget,2026-01-01,256815.31
TXN0000451,EXP030,L12,Actual,2025-01-01,257490.51
TXN0000452,EXP007,L02,Forecast,2025-07-01,125181.7
TXN0000453,EXP047,L07,Budget,2026-05-01,243478.97
TXN0000454,EXP021,L02,Forecast,2025-12-01,260775.46
TXN0000455,EXP058,L12,Forecast,2025-05-01,263589.15
TXN0000456,EXP036,L06,Budget,2025-10-01,331549.42
TXN0000457,EXP058,L12,Actual,2026-02-01,355138.52
TXN0000458,EXP003,L12,Budget,2026-02-01,137853.21
TXN0000459,EXP036,L06,Budget,2026-01-01,237023.83
TXN0000460,EXP023,L07,Forecast,2025-05-01,174789.94
TXN0000461,HC003,L08,Budget,2026-06-01,25.0
TXN0000462,EXP037,L01,Actual,2025-12-01,163956.13
TXN0000463,REV005,L03,Budget,2025-01-01,527524.95
TXN0000464,EXP052,L04,Actual,2025-04-01,269460.62
TXN0000465,EXP044,L03,Budget,2025-07-01,323278.52
TXN0000466,EXP021,L02,Forecast,2025-11-01,392228.7
TXN0000467,EXP049,L04,Budget,2025-09-01,337636.52
TXN0000468,EXP050,L10,Actual,2026-01-01,217504.3
TXN0000469,HC001,L04,Forecast,2025-10-01,55.0
TXN0000470,EXP033,L05,Actual,2025-02-01,342145.5
TXN0000471,EXP054,L07,Budget,2026-04-01,301428.47
TXN0000472,REV001,L04,Budget,2026-05-01,419110.92
TXN0000473,EXP026,L04,Actual,2025-03-01,399380.51
TXN0000474,EXP003,L12,Actual,2026-05-01,82419.35
TXN0000475,EXP001,L02,Forecast,2025-07-01,326096.87
TXN0000476,EXP022,L04,Budget,2025-02-01,378246.72
TXN0000477,EXP025,L08,Forecast,2025-02-01,245602.91
TXN0000478,HC003,L08,Budget,2025-10-01,41.0
TXN0000479,EXP039,L07,Budget,2025-11-01,23620.77
TXN0000480,EXP027,L02,Budget,2026-05-01,79968.01
TXN0000481,EXP038,L09,Actual,2026-02-01,251537.11
TXN0000482,REV004,L01,Forecast,2025-12-01,237434.16
TXN0000483,HC003,L08,Actual,2025-01-01,58.0
TXN0000484,EXP032,L01,Actual,2026-03-01,240336.61
TXN0000485,EXP026,L04,Budget,2025-02-01,286297.52
TXN0000486,EXP029,L08,Budget,2026-01-01,305660.61
TXN0000487,EXP027,L02,Forecast,2025-05-01,239332.18
TXN0000488,EXP023,L07,Budget,2026-06-01,319869.47
TXN0000489,EXP048,L04,Actual,2026-04-01,369285.9
TXN0000490,EXP060,L07,Budget,2025-06-01,227037.71
TXN0000491,EXP060,L07,Forecast,2025-03-01,308107.03
TXN0000492,HC002,L04,Budget,2026-01-01,60.0
TXN0000493,EXP034,L11,Forecast,2026-06-01,106594.03
TXN0000494,EXP008,L02,Budget,2025-07-01,182638.84
TXN0000495,EXP001,L02,Budget,2025-11-01,144435.82
TXN0000496,EXP060,L07,Budget,2025-07-01,139206.97
TXN0000497,EXP026,L04,Budget,2026-03-01,218784.8
TXN0000498,EXP001,L02,Actual,2025-01-01,83556.98
TXN0000499,EXP058,L12,Budget,2025-04-01,33280.64
TXN0000500,EXP006,L08,Budget,2026-01-01,46822.77
TXN0000501,EXP049,L04,Actual,2025-08-01,330416.61
TXN0000502,EXP043,L10,Actual,2025-05-01,188155.63
TXN0000503,EXP035,L07,Forecast,2025-12-01,151640.48
TXN0000504,EXP008,L02,Budget,2026-03-01,31585.74
TXN0000505,EXP043,L10,Forecast,2025-10-01,124225.1
TXN0000506,EXP038,L09,Budget,2025-06-01,346094.08
TXN0000507,EXP021,L02,Budget,2025-05-01,345920.88
TXN0000508,EXP019,L03,Forecast,2025-02-01,389285.27
TXN0000509,EXP002,L10,Actual,2025-09-01,115334.73
TXN0000510,REV004,L01,Budget,2026-03-01,224156.77
TXN0000511,HC002,L04,Budget,2026-01-01,31.0
TXN0000512,EXP035,L07,Budget,2025-05-01,362207.03
TXN0000513,EXP048,L04,Actual,2026-05-01,69786.64
TXN0000514,EXP007,L02,Budget,2025-01-01,333915.23
TXN0000515,EXP041,L06,Budget,2026-04-01,357917.96
TXN0000516,EXP038,L09,Forecast,2025-06-01,42730.51
TXN0000517,EXP008,L02,Actual,2026-05-01,372373.05
TXN0000518,EXP027,L02,Budget,2026-06-01,137374.75
TXN0000519,EXP054,L07,Actual,2026-03-01,95078.08
TXN0000520,EXP028,L12,Budget,2026-06-01,98725.7
TXN0000521,EXP003,L12,Forecast,2025-06-01,218317.68
TXN0000522,EXP021,L02,Actual,2025-01-01,136711.57
TXN0000523,EXP037,L01,Actual,2025-01-01,198144.78
TXN0000524,EXP045,L04,Forecast,2026-06-01,288234.81
TXN0000525,EXP028,L12,Actual,2025-04-01,182522.34
TXN0000526,EXP045,L04,Budget,2026-01-01,344639.81
TXN0000527,EXP032,L01,Budget,2026-01-01,208274.4
TXN0000528,EXP052,L04,Budget,2025-01-01,147304.35
TXN0000529,REV001,L04,Actual,2026-06-01,172085.06
TXN0000530,EXP043,L10,Budget,2025-06-01,91115.47
TXN0000531,EXP023,L07,Actual,2025-06-01,36303.27
TXN0000532,EXP026,L04,Forecast,2025-12-01,7903.2
TXN0000533,EXP022,L04,Forecast,2026-03-01,374949.39
TXN0000534,EXP044,L03,Actual,2026-01-01,228633.86
TXN0000535,EXP047,L07,Budget,2026-05-01,261218.07
TXN0000536,EXP060,L07,Budget,2025-03-01,392717.41
TXN0000537,EXP004,L10,Actual,2026-01-01,387628.78
TXN0000538,EXP049,L04,Forecast,2025-02-01,223895.51
TXN0000539,EXP035,L07,Forecast,2025-09-01,95617.24
TXN0000540,EXP040,L10,Forecast,2026-06-01,116944.03
TXN0000541,EXP035,L07,Budget,2025-06-01,52495.88
TXN0000542,EXP059,L07,Budget,2025-11-01,319757.27
TXN0000543,EXP039,L07,Forecast,2025-08-01,265600.8
TXN0000544,EXP035,L07,Actual,2025-09-01,203929.77
TXN0000545,EXP019,L03,Forecast,2025-05-01,120658.63
TXN0000546,EXP039,L07,Actual,2026-05-01,222309.27
TXN0000547,REV005,L03,Forecast,2025-03-01,291031.04
TXN0000548,EXP029,L08,Forecast,2026-06-01,203998.89
TXN0000549,EXP052,L04,Budget,2026-03-01,38482.95
TXN0000550,EXP060,L07,Budget,2025-08-01,358288.03
TXN0000551,EXP026,L04,Actual,2026-01-01,192085.37
TXN0000552,EXP035,L07,Forecast,2025-06-01,12434.72
TXN0000553,EXP040,L10,Actual,2025-09-01,153418.42
TXN0000554,REV005,L03,Forecast,2025-03-01,661497.42
TXN0000555,EXP043,L10,Actual,2026-04-01,244951.91
TXN0000556,EXP032,L01,Actual,2026-06-01,61667.0
TXN0000557,EXP040,L10,Forecast,2026-02-01,203310.59
TXN0000558,EXP046,L06,Budget,2025-05-01,129406.28
TXN0000559,EXP037,L01,Budget,2026-04-01,397688.38
TXN0000560,REV003,L10,Forecast,2026-06-01,320515.78
TXN0000561,EXP034,L11,Budget,2026-01-01,258132.68
TXN0000562,EXP044,L03,Forecast,2025-08-01,148735.01
TXN0000563,EXP045,L04,Actual,2025-01-01,266100.9
TXN0000564,EXP056,L07,Actual,2026-01-01,153613.8
TXN0000565,EXP040,L10,Actual,2026-03-01,228539.01
TXN0000566,REV002,L09,Forecast,2025-04-01,192731.71
TXN0000567,EXP058,L12,Forecast,2025-06-01,311794.87
TXN0000568,EXP022,L04,Actual,2025-09-01,101979.88
TXN0000569,EXP060,L07,Forecast,2026-01-01,185352.95
TXN0000570,EXP026,L04,Budget,2025-05-01,142501.93
TXN0000571,EXP053,L08,Forecast,2025-10-01,75904.18
TXN0000572,HC001,L04,Forecast,2025-05-01,44.0
TXN0000573,EXP035,L07,Forecast,2025-09-01,316234.97
TXN0000574,EXP054,L07,Budget,2025-07-01,219380.47
TXN0000575,EXP058,L12,Forecast,2025-04-01,137394.06
TXN0000576,EXP006,L08,Actual,2025-03-01,274418.76
TXN0000577,EXP059,L07,Actual,2025-06-01,214150.02
TXN0000578,EXP022,L04,Forecast,2026-04-01,72803.63
TXN0000579,EXP022,L04,Actual,2025-06-01,387513.94
TXN0000580,EXP006,L08,Actual,2025-08-01,347597.05
TXN0000581,EXP010,L07,Actual,2026-05-01,243959.15
TXN0000582,EXP044,L03,Actual,2025-04-01,90974.36
TXN0000583,EXP033,L05,Budget,2026-06-01,284824.88
TXN0000584,EXP024,L10,Actual,2025-01-01,380748.09
TXN0000585,EXP032,L01,Forecast,2025-09-01,382591.07
TXN0000586,EXP055,L06,Forecast,2025-11-01,8221.7
TXN0000587,EXP021,L02,Actual,2025-10-01,330295.07
TXN0000588,EXP010,L07,Budget,2025-07-01,124034.5
TXN0000589,EXP040,L10,Budget,2026-05-01,330082.77
TXN0000590,REV005,L03,Budget,2026-04-01,559150.89
TXN0000591,EXP006,L08,Budget,2025-07-01,209573.95
TXN0000592,EXP046,L06,Actual,2025-08-01,109115.25
TXN0000593,REV003,L10,Budget,2025-12-01,228657.99
TXN0000594,EXP020,L04,Budget,2025-11-01,118872.7
TXN0000595,EXP002,L10,Actual,2025-11-01,82514.28
TXN0000596,EXP009,L04,Forecast,2025-06-01,147711.83
TXN0000597,EXP057,L08,Budget,2026-02-01,191390.54
TXN0000598,EXP055,L06,Forecast,2025-04-01,96783.24
TXN0000599,EXP028,L12,Actual,2025-11-01,20225.28
TXN0000600,EXP040,L10,Actual,2025-05-01,279456.12
TXN0000601,EXP042,L12,Budget,2025-10-01,380253.94
TXN0000602,EXP051,L01,Budget,2025-02-01,310980.82
TXN0000603,EXP007,L02,Actual,2026-01-01,247056.07
TXN0000604,EXP003,L12,Forecast,2026-05-01,190209.31
TXN0000605,REV004,L01,Forecast,2025-05-01,694100.08
TXN0000606,REV001,L04,Actual,2025-12-01,160309.51
TXN0000607,EXP055,L06,Forecast,2026-05-01,224006.32
TXN0000608,EXP050,L10,Actual,2026-01-01,66790.23
TXN0000609,EXP004,L10,Actual,2026-06-01,324020.96
TXN0000610,EXP052,L04,Actual,2026-02-01,25230.93
TXN0000611,EXP021,L02,Forecast,2026-05-01,167374.04
TXN0000612,EXP049,L04,Actual,2026-06-01,177996.19
TXN0000613,EXP020,L04,Budget,2025-05-01,198099.32
TXN0000614,EXP022,L04,Forecast,2025-11-01,393295.26
TXN0000615,EXP058,L12,Forecast,2025-09-01,217457.09
TXN0000616,EXP022,L04,Forecast,2026-02-01,385885.09
TXN0000617,EXP051,L01,Actual,2025-10-01,72754.49
TXN0000618,EXP004,L10,Actual,2025-04-01,387118.49
TXN0000619,EXP052,L04,Forecast,2026-02-01,394183.66
TXN0000620,REV002,L09,Budget,2025-01-01,800116.5
TXN0000621,REV003,L10,Budget,2025-10-01,366628.06
TXN0000622,EXP010,L07,Forecast,2025-08-01,30953.77
TXN0000623,HC001,L04,Budget,2025-04-01,52.0
TXN0000624,EXP021,L02,Actual,2025-03-01,84920.88
TXN0000625,EXP021,L02,Actual,2026-04-01,15448.14
TXN0000626,EXP009,L04,Forecast,2026-02-01,223107.33
TXN0000627,EXP007,L02,Forecast,2025-04-01,114995.97
TXN0000628,EXP019,L03,Forecast,2026-05-01,247529.61
TXN0000629,EXP025,L08,Forecast,2026-04-01,59340.81
TXN0000630,EXP055,L06,Forecast,2025-08-01,170382.79
TXN0000631,EXP058,L12,Forecast,2026-03-01,288305.59
TXN0000632,EXP019,L03,Forecast,2026-02-01,61582.46
TXN0000633,REV001,L04,Budget,2025-12-01,769068.76
TXN0000634,EXP048,L04,Forecast,2025-06-01,367857.96
TXN0000635,EXP019,L03,Budget,2025-03-01,211279.41
TXN0000636,EXP052,L04,Budget,2026-06-01,323476.2
TXN0000637,EXP002,L10,Forecast,2025-05-01,77788.64
TXN0000638,REV005,L03,Budget,2025-07-01,565592.35
TXN0000639,EXP057,L08,Forecast,2025-01-01,251510.96
TXN0000640,EXP040,L10,Budget,2025-02-01,152108.22
TXN0000641,REV001,L04,Budget,2026-05-01,258036.21
TXN0000642,HC002,L04,Actual,2025-06-01,14.0
TXN0000643,EXP046,L06,Forecast,2026-03-01,139312.83
TXN0000644,EXP035,L07,Budget,2026-04-01,162802.09
TXN0000645,EXP046,L06,Budget,2026-03-01,72422.58
TXN0000646,EXP007,L02,Actual,2026-04-01,186776.05
TXN0000647,HC002,L04,Forecast,2025-12-01,36.0
TXN0000648,EXP041,L06,Actual,2026-04-01,55995.32
TXN0000649,EXP005,L05,Forecast,2025-02-01,131522.83
TXN0000650,EXP040,L10,Budget,2026-05-01,327033.86
TXN0000651,EXP055,L06,Forecast,2026-03-01,154200.29
TXN0000652,EXP043,L10,Forecast,2025-08-01,292363.39
TXN0000653,EXP026,L04,Budget,2026-06-01,347874.08
TXN0000654,EXP046,L06,Actual,2025-04-01,258877.28
TXN0000655,EXP007,L02,Budget,2026-03-01,275618.17
TXN0000656,EXP008,L02,Actual,2025-07-01,370466.4
TXN0000657,EXP042,L12,Forecast,2025-06-01,382763.02
TXN0000658,EXP060,L07,Budget,2025-11-01,74352.12
TXN0000659,EXP005,L05,Forecast,2025-07-01,296915.84
TXN0000660,EXP057,L08,Budget,2025-04-01,293656.44
TXN0000661,EXP052,L04,Actual,2025-03-01,256862.29
TXN0000662,HC001,L04,Forecast,2026-06-01,10.0
TXN0000663,HC001,L04,Budget,2025-11-01,42.0
TXN0000664,EXP024,L10,Forecast,2025-08-01,316161.97
TXN0000665,EXP055,L06,Forecast,2025-07-01,129441.07
TXN0000666,EXP020,L04,Actual,2026-02-01,50618.31
TXN0000667,EXP047,L07,Forecast,2026-03-01,295371.74
TXN0000668,EXP057,L08,Actual,2025-08-01,66301.55
TXN0000669,EXP026,L04,Actual,2025-08-01,376875.54
TXN0000670,EXP037,L01,Actual,2025-09-01,346442.4
TXN0000671,EXP037,L01,Actual,2025-04-01,73823.27
TXN0000672,EXP029,L08,Forecast,2026-03-01,3069.86
TXN0000673,EXP037,L01,Budget,2026-03-01,29813.23
TXN0000674,REV004,L01,Actual,2025-08-01,616712.45
TXN0000675,EXP039,L07,Actual,2026-05-01,364444.07
TXN0000676,EXP047,L07,Budget,2025-07-01,197150.34
TXN0000677,EXP058,L12,Actual,2025-05-01,232672.27
TXN0000678,EXP036,L06,Forecast,2025-08-01,54005.99
TXN0000679,REV002,L09,Forecast,2025-04-01,164508.85
TXN0000680,EXP024,L10,Actual,2025-02-01,220095.83
TXN0000681,EXP007,L02,Budget,2025-02-01,107594.0
TXN0000682,EXP036,L06,Actual,2026-03-01,208412.35
TXN0000683,EXP033,L05,Forecast,2026-03-01,141026.54
TXN0000684,EXP009,L04,Forecast,2025-12-01,267604.47
TXN0000685,EXP023,L07,Budget,2025-08-01,255696.0
TXN0000686,EXP026,L04,Budget,2025-02-01,82394.09
TXN0000687,HC003,L08,Actual,2025-08-01,60.0
TXN0000688,EXP025,L08,Forecast,2025-03-01,326239.75
TXN0000689,EXP055,L06,Forecast,2025-11-01,45573.37
TXN0000690,REV005,L03,Actual,2025-06-01,860980.07
TXN0000691,EXP056,L07,Forecast,2025-03-01,11090.55
TXN0000692,EXP005,L05,Forecast,2025-06-01,312129.76
TXN0000693,EXP047,L07,Forecast,2025-12-01,266275.33
TXN0000694,EXP001,L02,Actual,2025-07-01,192231.56
TXN0000695,EXP042,L12,Forecast,2026-05-01,78754.81
TXN0000696,EXP040,L10,Budget,2025-01-01,231466.57
TXN0000697,EXP031,L10,Budget,2025-07-01,275335.86
TXN0000698,EXP032,L01,Budget,2025-04-01,59783.25
TXN0000699,REV004,L01,Forecast,2025-05-01,671992.11
TXN0000700,EXP003,L12,Budget,2025-06-01,48995.53
TXN0000701,EXP044,L03,Forecast,2026-03-01,165224.38
TXN0000702,EXP049,L04,Forecast,2025-05-01,23294.38
TXN0000703,EXP039,L07,Forecast,2025-03-01,48141.69
TXN0000704,EXP025,L08,Actual,2025-04-01,53541.99
TXN0000705,EXP007,L02,Budget,2025-04-01,247768.17
TXN0000706,REV003,L10,Actual,2025-05-01,664549.46
TXN0000707,EXP043,L10,Forecast,2026-05-01,304460.89
TXN0000708,EXP060,L07,Budget,2025-07-01,370342.23
TXN0000709,EXP048,L04,Forecast,2025-07-01,16735.16
TXN0000710,EXP037,L01,Budget,2026-02-01,153352.87
TXN0000711,EXP009,L04,Forecast,2025-01-01,264814.21
TXN0000712,EXP030,L12,Forecast,2025-10-01,311106.2
TXN0000713,EXP002,L10,Budget,2025-10-01,72102.59
TXN0000714,EXP001,L02,Actual,2025-01-01,316355.13
TXN0000715,EXP044,L03,Actual,2026-05-01,57963.26
TXN0000716,EXP022,L04,Budget,2025-11-01,392829.57
TXN0000717,EXP005,L05,Forecast,2025-10-01,151479.62
TXN0000718,REV002,L09,Forecast,2025-07-01,645531.84
TXN0000719,EXP024,L10,Actual,2026-01-01,336179.13
TXN0000720,REV005,L03,Forecast,2025-01-01,734557.83
TXN0000721,EXP009,L04,Forecast,2025-12-01,53024.93
TXN0000722,EXP045,L04,Forecast,2026-04-01,329750.47
TXN0000723,EXP050,L10,Budget,2025-08-01,387616.43
TXN0000724,EXP003,L12,Budget,2025-09-01,77921.06
TXN0000725,EXP060,L07,Actual,2026-06-01,132002.3
TXN0000726,EXP024,L10,Actual,2025-10-01,305503.71
TXN0000727,EXP004,L10,Budget,2025-01-01,105224.19
TXN0000728,REV005,L03,Forecast,2025-05-01,71798.72
TXN0000729,EXP031,L10,Budget,2026-02-01,50998.92
TXN0000730,EXP040,L10,Budget,2026-04-01,93861.1
TXN0000731,EXP032,L01,Actual,2025-02-01,68208.03
TXN0000732,EXP040,L10,Budget,2026-03-01,288098.71
TXN0000733,EXP001,L02,Actual,2026-02-01,345061.79
TXN0000734,REV002,L09,Actual,2025-08-01,160489.46
TXN0000735,EXP056,L07,Actual,2026-05-01,260737.52
TXN0000736,EXP058,L12,Budget,2025-11-01,129135.2
TXN0000737,EXP056,L07,Budget,2025-01-01,90291.09
TXN0000738,EXP046,L06,Actual,2025-02-01,101379.58
TXN0000739,EXP003,L12,Budget,2025-12-01,363376.24
TXN0000740,EXP026,L04,Actual,2026-03-01,148689.31
TXN0000741,EXP058,L12,Actual,2025-03-01,149613.43
TXN0000742,EXP038,L09,Forecast,2025-12-01,150043.98
TXN0000743,EXP028,L12,Budget,2025-08-01,102009.93
TXN0000744,EXP054,L07,Budget,2025-05-01,335034.54
TXN0000745,HC002,L04,Actual,2026-02-01,1.0
TXN0000746,EXP003,L12,Budget,2026-06-01,25640.59
TXN0000747,EXP003,L12,Forecast,2025-04-01,17414.7
TXN0000748,REV002,L09,Forecast,2026-02-01,520766.85
TXN0000749,EXP002,L10,Actual,2026-01-01,111915.66
TXN0000750,EXP001,L02,Actual,2025-06-01,170674.5
TXN0000751,REV003,L10,Forecast,2025-01-01,489324.14
TXN0000752,EXP052,L04,Forecast,2025-12-01,180208.96
TXN0000753,EXP005,L05,Forecast,2025-01-01,347636.17
TXN0000754,EXP002,L10,Actual,2025-02-01,186455.22
TXN0000755,EXP008,L02,Forecast,2025-02-01,164617.56
TXN0000756,EXP002,L10,Budget,2025-02-01,185854.57
TXN0000757,EXP010,L07,Actual,2025-03-01,387572.57
TXN0000758,EXP053,L08,Actual,2025-12-01,388047.77
TXN0000759,HC003,L08,Actual,2025-10-01,13.0
TXN0000760,EXP052,L04,Actual,2025-06-01,47453.93
TXN0000761,EXP008,L02,Budget,2025-01-01,226922.22
TXN0000762,EXP007,L02,Actual,2026-06-01,344043.01
TXN0000763,EXP044,L03,Actual,2026-03-01,171511.54
TXN0000764,EXP028,L12,Forecast,2025-09-01,199477.31
TXN0000765,EXP009,L04,Budget,2026-06-01,4175.74
TXN0000766,EXP008,L02,Forecast,2025-07-01,243571.15
TXN0000767,EXP006,L08,Actual,2025-09-01,335655.62
TXN0000768,EXP057,L08,Actual,2026-02-01,329630.84
TXN0000769,EXP001,L02,Actual,2025-03-01,210797.13
TXN0000770,EXP054,L07,Budget,2026-04-01,9554.28
TXN0000771,REV004,L01,Actual,2026-01-01,402583.42
TXN0000772,EXP002,L10,Actual,2025-11-01,251481.38
TXN0000773,REV002,L09,Budget,2025-04-01,92990.92
TXN0000774,EXP038,L09,Actual,2026-03-01,51480.72
TXN0000775,HC002,L04,Budget,2025-01-01,48.0
TXN0000776,EXP042,L12,Actual,2025-08-01,218463.44
TXN0000777,EXP036,L06,Budget,2025-09-01,230519.2
TXN0000778,EXP021,L02,Budget,2025-03-01,128033.03
TXN0000779,EXP007,L02,Budget,2025-09-01,245002.24
TXN0000780,EXP033,L05,Budget,2025-10-01,259340.46
TXN0000781,EXP039,L07,Actual,2026-01-01,313763.69
TXN0000782,EXP034,L11,Actual,2025-08-01,259914.71
TXN0000783,EXP008,L02,Actual,2026-03-01,274691.97
TXN0000784,EXP053,L08,Actual,2026-01-01,241988.82
TXN0000785,EXP048,L04,Actual,2025-04-01,165533.11
TXN0000786,EXP025,L08,Budget,2025-05-01,88080.87
TXN0000787,EXP019,L03,Budget,2026-04-01,192996.97
TXN0000788,HC003,L08,Budget,2025-08-01,54.0
TXN0000789,EXP007,L02,Actual,2026-02-01,74840.1
TXN0000790,EXP048,L04,Forecast,2026-05-01,268553.14
TXN0000791,EXP039,L07,Actual,2025-04-01,398276.89
TXN0000792,EXP029,L08,Budget,2025-03-01,285171.78
TXN0000793,EXP059,L07,Actual,2025-06-01,353603.15
TXN0000794,EXP055,L06,Forecast,2025-05-01,12470.17
TXN0000795,EXP030,L12,Budget,2026-05-01,185375.23
TXN0000796,EXP058,L12,Forecast,2025-06-01,44065.09
TXN0000797,EXP027,L02,Budget,2025-06-01,264980.87
TXN0000798,EXP043,L10,Budget,2025-09-01,39841.06
TXN0000799,EXP060,L07,Forecast,2025-03-01,95613.87
TXN0000800,EXP044,L03,Forecast,2026-05-01,238998.63
TXN0000801,EXP057,L08,Forecast,2026-03-01,360531.32
TXN0000802,EXP058,L12,Budget,2025-03-01,390452.5
TXN0000803,REV002,L09,Forecast,2026-06-01,478102.09
TXN0000804,EXP038,L09,Actual,2026-05-01,14153.24
TXN0000805,EXP053,L08,Budget,2026-06-01,371374.15
TXN0000806,EXP058,L12,Actual,2025-10-01,214971.37
TXN0000807,EXP006,L08,Budget,2026-03-01,378827.65
TXN0000808,EXP057,L08,Actual,2026-05-01,206231.85
TXN0000809,EXP060,L07,Budget,2026-03-01,389062.62
TXN0000810,EXP024,L10,Actual,2025-01-01,216561.7
TXN0000811,REV004,L01,Budget,2025-09-01,509080.73
TXN0000812,EXP027,L02,Actual,2025-11-01,190363.55
TXN0000813,EXP001,L02,Budget,2025-07-01,153339.46
TXN0000814,EXP001,L02,Actual,2026-01-01,38418.48
TXN0000815,EXP042,L12,Forecast,2025-03-01,373791.17
TXN0000816,EXP033,L05,Actual,2025-09-01,317002.39
TXN0000817,EXP039,L07,Forecast,2026-02-01,224756.19
TXN0000818,EXP033,L05,Budget,2026-03-01,291029.77
TXN0000819,EXP026,L04,Forecast,2026-04-01,266504.2
TXN0000820,REV004,L01,Actual,2025-02-01,550515.43
TXN0000821,EXP010,L07,Forecast,2025-04-01,104943.27
TXN0000822,EXP051,L01,Budget,2026-02-01,46772.21
TXN0000823,EXP028,L12,Budget,2026-04-01,360035.62
TXN0000824,EXP042,L12,Budget,2025-06-01,196027.7
TXN0000825,EXP044,L03,Forecast,2026-06-01,224158.67
TXN0000826,EXP022,L04,Forecast,2026-01-01,142908.95
TXN0000827,EXP050,L10,Actual,2026-01-01,74326.65
TXN0000828,EXP041,L06,Budget,2026-02-01,281400.39
TXN0000829,EXP019,L03,Forecast,2026-01-01,154724.81
TXN0000830,HC001,L04,Forecast,2025-09-01,60.0
TXN0000831,EXP040,L10,Actual,2025-01-01,107726.59
TXN0000832,EXP033,L05,Actual,2025-05-01,27774.45
TXN0000833,REV001,L04,Budget,2026-06-01,337315.22
TXN0000834,EXP025,L08,Budget,2025-06-01,392528.06
TXN0000835,EXP023,L07,Forecast,2025-08-01,330556.88
TXN0000836,EXP027,L02,Actual,2026-06-01,219591.34
TXN0000837,REV001,L04,Forecast,2025-08-01,276030.49
TXN0000838,EXP026,L04,Forecast,2026-05-01,92724.92
TXN0000839,REV003,L10,Actual,2025-05-01,887260.57
TXN0000840,EXP026,L04,Actual,2025-05-01,396256.89
TXN0000841,EXP049,L04,Forecast,2026-03-01,241573.1
TXN0000842,REV005,L03,Actual,2025-01-01,579753.2
TXN0000843,REV005,L03,Budget,2025-10-01,112775.09
TXN0000844,EXP054,L07,Budget,2025-08-01,144383.35
TXN0000845,EXP049,L04,Forecast,2025-06-01,399434.44
TXN0000846,EXP056,L07,Budget,2026-02-01,44968.26
TXN0000847,EXP009,L04,Actual,2026-02-01,357988.1
TXN0000848,EXP022,L04,Budget,2025-08-01,19428.76
TXN0000849,HC002,L04,Actual,2026-06-01,33.0
TXN0000850,EXP002,L10,Actual,2025-11-01,312344.02
TXN0000851,EXP045,L04,Budget,2025-06-01,145405.84
TXN0000852,HC003,L08,Actual,2026-04-01,10.0
TXN0000853,HC002,L04,Budget,2025-04-01,28.0
TXN0000854,EXP021,L02,Forecast,2025-02-01,349470.68
TXN0000855,EXP045,L04,Actual,2025-09-01,13245.47
TXN0000856,EXP037,L01,Actual,2026-01-01,338360.92
TXN0000857,EXP031,L10,Forecast,2026-04-01,358837.13
TXN0000858,EXP060,L07,Forecast,2025-03-01,309415.15
TXN0000859,EXP004,L10,Forecast,2025-09-01,238629.78
TXN0000860,EXP037,L01,Forecast,2025-02-01,219588.34
TXN0000861,EXP059,L07,Forecast,2025-01-01,346786.9
TXN0000862,EXP030,L12,Forecast,2025-05-01,40565.45
TXN0000863,EXP001,L02,Actual,2025-09-01,166652.39
TXN0000864,EXP055,L06,Budget,2025-08-01,336214.38
TXN0000865,EXP040,L10,Budget,2026-01-01,251382.86
TXN0000866,HC002,L04,Forecast,2026-02-01,40.0
TXN0000867,EXP043,L10,Forecast,2025-08-01,280154.54
TXN0000868,EXP038,L09,Actual,2026-06-01,177257.96
TXN0000869,EXP060,L07,Forecast,2026-01-01,227754.12
TXN0000870,EXP045,L04,Budget,2025-11-01,137433.43
TXN0000871,HC002,L04,Actual,2025-02-01,8.0
TXN0000872,EXP003,L12,Forecast,2025-05-01,289507.87
TXN0000873,EXP044,L03,Budget,2025-02-01,338237.76
TXN0000874,EXP050,L10,Actual,2025-12-01,100065.81
TXN0000875,EXP060,L07,Actual,2025-02-01,141801.9
TXN0000876,REV005,L03,Actual,2025-03-01,409109.84
TXN0000877,EXP047,L07,Budget,2025-08-01,333344.56
TXN0000878,EXP035,L07,Forecast,2026-01-01,84442.33
TXN0000879,EXP021,L02,Budget,2026-02-01,390393.96
TXN0000880,EXP042,L12,Budget,2025-04-01,206837.78
TXN0000881,HC002,L04,Actual,2025-12-01,39.0
TXN0000882,REV004,L01,Actual,2026-04-01,56526.58
TXN0000883,REV002,L09,Forecast,2025-10-01,735944.53
TXN0000884,EXP020,L04,Forecast,2025-09-01,73213.16
TXN0000885,EXP019,L03,Actual,2026-01-01,273598.55
TXN0000886,HC003,L08,Forecast,2026-06-01,40.0
TXN0000887,EXP028,L12,Actual,2026-04-01,165363.2
TXN0000888,EXP021,L02,Actual,2025-09-01,66408.05
TXN0000889,EXP053,L08,Actual,2025-11-01,170589.09
TXN0000890,EXP024,L10,Actual,2026-03-01,137286.86
TXN0000891,EXP058,L12,Budget,2026-03-01,313441.7
TXN0000892,EXP020,L04,Actual,2025-08-01,78530.43
TXN0000893,EXP033,L05,Forecast,2025-01-01,171210.28
TXN0000894,HC001,L04,Actual,2025-09-01,52.0
TXN0000895,EXP026,L04,Actual,2025-05-01,342006.71
TXN0000896,EXP007,L02,Actual,2025-11-01,280838.17
TXN0000897,REV004,L01,Budget,2026-01-01,587730.41
TXN0000898,EXP039,L07,Forecast,2025-12-01,93103.04
TXN0000899,REV004,L01,Budget,2026-02-01,186224.52
TXN0000900,EXP007,L02,Budget,2025-06-01,62558.02
TXN0000901,EXP007,L02,Actual,2026-02-01,385804.92
TXN0000902,EXP031,L10,Forecast,2026-04-01,125625.27
TXN0000903,EXP004,L10,Actual,2025-03-01,157277.12
TXN0000904,EXP002,L10,Budget,2025-06-01,113810.38
TXN0000905,EXP002,L10,Budget,2025-12-01,364466.13
TXN0000906,EXP055,L06,Forecast,2025-09-01,214296.74
TXN0000907,EXP034,L11,Forecast,2026-01-01,397362.66
TXN0000908,REV001,L04,Forecast,2025-01-01,142095.67
TXN0000909,EXP038,L09,Forecast,2026-01-01,193517.74
TXN0000910,EXP032,L01,Forecast,2025-05-01,79961.76
TXN0000911,EXP001,L02,Budget,2025-12-01,178747.16
TXN0000912,EXP051,L01,Budget,2025-09-01,179553.92
TXN0000913,EXP046,L06,Actual,2025-09-01,341391.23
TXN0000914,EXP041,L06,Actual,2025-03-01,60615.35
TXN0000915,EXP003,L12,Budget,2025-02-01,83148.6
TXN0000916,HC002,L04,Budget,2026-04-01,22.0
TXN0000917,EXP010,L07,Actual,2025-12-01,279180.85
TXN0000918,EXP047,L07,Actual,2026-06-01,21141.29
TXN0000919,EXP036,L06,Actual,2025-06-01,148661.32
TXN0000920,HC002,L04,Forecast,2025-06-01,20.0
TXN0000921,EXP004,L10,Budget,2026-06-01,278497.02
TXN0000922,EXP010,L07,Forecast,2025-11-01,351702.68
TXN0000923,EXP024,L10,Actual,2025-02-01,14511.34
TXN0000924,EXP028,L12,Actual,2025-10-01,261822.86
TXN0000925,EXP019,L03,Forecast,2026-03-01,136738.6
TXN0000926,EXP005,L05,Budget,2025-03-01,46338.66
TXN0000927,EXP008,L02,Budget,2026-03-01,115615.45
TXN0000928,EXP035,L07,Forecast,2026-04-01,273504.49
TXN0000929,EXP040,L10,Forecast,2025-03-01,181398.55
TXN0000930,EXP058,L12,Actual,2025-07-01,98672.69
TXN0000931,EXP019,L03,Forecast,2025-06-01,196735.51
TXN0000932,REV002,L09,Budget,2026-06-01,508061.57
TXN0000933,EXP044,L03,Budget,2025-03-01,359300.22
TXN0000934,EXP023,L07,Forecast,2025-01-01,262711.81
TXN0000935,REV004,L01,Budget,2026-01-01,867968.77
TXN0000936,EXP053,L08,Budget,2025-09-01,132922.62
TXN0000937,EXP041,L06,Budget,2025-02-01,155871.97
TXN0000938,EXP051,L01,Budget,2025-11-01,288236.27
TXN0000939,EXP033,L05,Budget,2025-09-01,250403.33
TXN0000940,EXP010,L07,Actual,2025-08-01,352676.44
TXN0000941,REV001,L04,Budget,2025-04-01,487496.88
TXN0000942,EXP046,L06,Actual,2026-03-01,190719.91
TXN0000943,EXP019,L03,Forecast,2025-03-01,337338.95
TXN0000944,EXP023,L07,Budget,2025-09-01,103132.84
TXN0000945,EXP059,L07,Forecast,2025-12-01,106137.8
TXN0000946,EXP028,L12,Budget,2026-06-01,85685.87
TXN0000947,EXP035,L07,Actual,2025-03-01,191094.35
TXN0000948,EXP040,L10,Budget,2026-03-01,282421.57
TXN0000949,EXP036,L06,Budget,2025-01-01,257431.22
TXN0000950,EXP042,L12,Forecast,2025-11-01,97887.58
TXN0000951,EXP039,L07,Budget,2025-05-01,215579.09
TXN0000952,EXP033,L05,Forecast,2025-09-01,349905.12
TXN0000953,EXP048,L04,Actual,2026-02-01,395292.45
TXN0000954,EXP034,L11,Forecast,2025-05-01,354150.09
TXN0000955,EXP049,L04,Forecast,2025-02-01,123817.87
TXN0000956,EXP021,L02,Actual,2025-05-01,335329.16
TXN0000957,EXP002,L10,Actual,2026-03-01,273047.45
TXN0000958,HC002,L04,Actual,2025-08-01,3.0
TXN0000959,EXP052,L04,Budget,2026-06-01,299584.2
TXN0000960,EXP025,L08,Forecast,2025-09-01,71661.76
TXN0000961,EXP004,L10,Budget,2026-06-01,260181.6
TXN0000962,EXP038,L09,Actual,2025-06-01,209542.46
TXN0000963,HC001,L04,Forecast,2025-04-01,10.0
TXN0000964,EXP003,L12,Forecast,2026-06-01,200987.73
TXN0000965,EXP026,L04,Budget,2025-07-01,393395.36
TXN0000966,EXP034,L11,Forecast,2025-02-01,285252.89
TXN0000967,EXP036,L06,Budget,2025-06-01,59990.86
TXN0000968,REV003,L10,Budget,2025-01-01,207347.13
TXN0000969,EXP007,L02,Budget,2025-01-01,27086.24
TXN0000970,EXP034,L11,Actual,2026-03-01,174720.27
TXN0000971,EXP003,L12,Budget,2025-01-01,204153.43
TXN0000972,EXP041,L06,Forecast,2026-06-01,367981.05
TXN0000973,EXP044,L03,Actual,2026-01-01,50437.68
TXN0000974,EXP036,L06,Budget,2025-10-01,77361.63
TXN0000975,EXP025,L08,Budget,2025-10-01,26561.31
TXN0000976,EXP047,L07,Budget,2026-06-01,117166.47
TXN0000977,EXP021,L02,Forecast,2025-08-01,257179.01
TXN0000978,EXP001,L02,Forecast,2026-05-01,302536.63
TXN0000979,EXP051,L01,Actual,2025-09-01,169613.78
TXN0000980,EXP049,L04,Forecast,2025-05-01,79604.99
TXN0000981,EXP020,L04,Actual,2025-11-01,333158.9
TXN0000982,EXP051,L01,Budget,2025-02-01,3452.67
TXN0000983,EXP047,L07,Budget,2026-03-01,334449.83
TXN0000984,EXP026,L04,Budget,2025-01-01,149283.2
TXN0000985,EXP053,L08,Actual,2025-11-01,381093.76
TXN0000986,EXP038,L09,Actual,2026-03-01,333968.27
TXN0000987,EXP022,L04,Budget,2025-02-01,175492.84
TXN0000988,EXP058,L12,Forecast,2026-01-01,169988.56
TXN0000989,EXP001,L02,Budget,2025-01-01,362184.86
TXN0000990,EXP026,L04,Actual,2025-10-01,347266.49
TXN0000991,EXP046,L06,Budget,2025-08-01,394739.06
TXN0000992,REV001,L04,Actual,2026-06-01,325341.36
TXN0000993,EXP026,L04,Forecast,2025-09-01,309425.52
TXN0000994,EXP031,L10,Budget,2026-05-01,246839.86
TXN0000995,EXP024,L10,Forecast,2025-07-01,173098.81
TXN0000996,EXP036,L06,Budget,2025-10-01,222476.51
TXN0000997,EXP025,L08,Forecast,2026-01-01,65403.63
TXN0000998,EXP039,L07,Actual,2025-01-01,212125.88
TXN0000999,EXP035,L07,Actual,2026-06-01,223057.47
TXN0001000,EXP058,L12,Forecast,2025-04-01,190046.41
TXN0001001,EXP044,L03,Forecast,2026-04-01,313072.53
TXN0001002,REV005,L03,Actual,2025-01-01,365346.39
TXN0001003,EXP038,L09,Actual,2025-06-01,146482.5
TXN0001004,EXP055,L06,Budget,2026-03-01,358923.29
TXN0001005,REV002,L09,Forecast,2025-08-01,157528.57
TXN0001006,EXP001,L02,Budget,2026-02-01,352709.45
TXN0001007,EXP049,L04,Actual,2026-03-01,340009.51
TXN0001008,EXP041,L06,Forecast,2026-06-01,332752.73
TXN0001009,EXP007,L02,Actual,2025-01-01,122484.82
TXN0001010,EXP001,L02,Forecast,2025-01-01,304898.87
TXN0001011,EXP058,L12,Forecast,2025-12-01,373940.68
TXN0001012,REV005,L03,Actual,2025-12-01,335272.24
TXN0001013,EXP021,L02,Budget,2026-03-01,195689.84
TXN0001014,EXP019,L03,Forecast,2025-03-01,269043.76
TXN0001015,EXP004,L10,Actual,2025-10-01,155268.43
TXN0001016,EXP007,L02,Budget,2025-04-01,217640.65
TXN0001017,EXP052,L04,Forecast,2026-06-01,59572.06
TXN0001018,EXP001,L02,Forecast,2026-01-01,376106.22
TXN0001019,EXP028,L12,Actual,2025-06-01,66762.08
TXN0001020,EXP039,L07,Actual,2025-11-01,205866.25
TXN0001021,REV005,L03,Actual,2025-02-01,739488.35
TXN0001022,EXP057,L08,Actual,2025-12-01,108027.62
TXN0001023,EXP004,L10,Budget,2026-06-01,139951.36
TXN0001024,EXP019,L03,Actual,2026-04-01,333708.71
TXN0001025,REV003,L10,Actual,2026-02-01,712576.95
TXN0001026,EXP004,L10,Budget,2025-05-01,52278.76
TXN0001027,EXP056,L07,Actual,2026-04-01,332540.81
TXN0001028,EXP046,L06,Forecast,2025-01-01,375362.58
TXN0001029,REV004,L01,Budget,2026-01-01,236623.7
TXN0001030,EXP046,L06,Actual,2026-02-01,111493.38
TXN0001031,REV004,L01,Actual,2025-06-01,229581.3
TXN0001032,EXP004,L10,Actual,2026-04-01,396768.03
TXN0001033,EXP033,L05,Budget,2026-06-01,245188.56
TXN0001034,EXP057,L08,Forecast,2025-09-01,4012.63
TXN0001035,EXP001,L02,Actual,2026-05-01,261475.96
TXN0001036,EXP059,L07,Forecast,2025-06-01,66045.27
TXN0001037,HC002,L04,Forecast,2026-03-01,16.0
TXN0001038,EXP001,L02,Budget,2026-02-01,30850.22
TXN0001039,EXP060,L07,Forecast,2025-12-01,4486.3
TXN0001040,REV005,L03,Budget,2025-12-01,851525.47
TXN0001041,EXP042,L12,Forecast,2025-02-01,38403.8
TXN0001042,EXP037,L01,Actual,2025-01-01,244946.53
TXN0001043,EXP055,L06,Actual,2025-04-01,392459.84
TXN0001044,EXP043,L10,Budget,2025-11-01,76000.05
TXN0001045,EXP001,L02,Forecast,2025-02-01,298059.53
TXN0001046,EXP010,L07,Actual,2025-02-01,328684.57
TXN0001047,EXP004,L10,Budget,2025-02-01,15065.56
TXN0001048,REV005,L03,Actual,2025-11-01,628412.61
TXN0001049,REV001,L04,Actual,2025-09-01,820143.31
TXN0001050,EXP054,L07,Forecast,2025-03-01,351148.11
TXN0001051,EXP037,L01,Actual,2026-06-01,285127.85
TXN0001052,EXP045,L04,Actual,2025-08-01,324669.81
TXN0001053,EXP005,L05,Forecast,2026-05-01,188393.44
TXN0001054,EXP038,L09,Forecast,2025-07-01,346351.4
TXN0001055,EXP027,L02,Actual,2025-05-01,238880.82
TXN0001056,HC003,L08,Actual,2025-04-01,27.0
TXN0001057,EXP054,L07,Forecast,2025-03-01,383815.79
TXN0001058,EXP051,L01,Forecast,2026-05-01,370426.8
TXN0001059,EXP031,L10,Budget,2025-10-01,324752.84
TXN0001060,EXP001,L02,Budget,2025-03-01,16137.63
TXN0001061,EXP022,L04,Budget,2025-05-01,142014.41
TXN0001062,EXP036,L06,Forecast,2026-01-01,90268.06
TXN0001063,EXP007,L02,Budget,2026-03-01,357175.94
TXN0001064,EXP009,L04,Forecast,2025-12-01,176264.46
TXN0001065,EXP034,L11,Budget,2025-11-01,348800.13
TXN0001066,EXP005,L05,Actual,2026-05-01,26069.24
TXN0001067,EXP056,L07,Actual,2026-06-01,175297.84
TXN0001068,EXP048,L04,Actual,2026-03-01,79114.94
TXN0001069,EXP036,L06,Budget,2025-09-01,356616.31
TXN0001070,EXP060,L07,Forecast,2026-05-01,79702.31
TXN0001071,EXP020,L04,Budget,2025-11-01,320480.37
TXN0001072,EXP025,L08,Forecast,2025-10-01,163545.09
TXN0001073,EXP004,L10,Forecast,2025-02-01,133677.63
TXN0001074,REV004,L01,Actual,2026-03-01,837960.19
TXN0001075,EXP046,L06,Budget,2026-01-01,145322.22
TXN0001076,EXP040,L10,Actual,2025-12-01,33864.53
TXN0001077,EXP026,L04,Budget,2025-07-01,226699.28
TXN0001078,EXP047,L07,Budget,2025-02-01,217255.18
TXN0001079,EXP022,L04,Actual,2025-04-01,18917.06
TXN0001080,EXP041,L06,Forecast,2025-10-01,292786.71
TXN0001081,EXP043,L10,Forecast,2025-04-01,356014.32
TXN0001082,EXP002,L10,Budget,2025-04-01,186154.49
TXN0001083,EXP033,L05,Actual,2025-04-01,241208.75
TXN0001084,EXP044,L03,Budget,2025-05-01,132756.52
TXN0001085,EXP019,L03,Forecast,2026-03-01,273426.91
TXN0001086,REV004,L01,Forecast,2025-06-01,192961.58
TXN0001087,REV002,L09,Actual,2025-12-01,831470.67
TXN0001088,EXP021,L02,Actual,2025-03-01,273670.0
TXN0001089,REV001,L04,Budget,2025-05-01,204904.75
TXN0001090,EXP058,L12,Actual,2025-12-01,349025.33
TXN0001091,REV004,L01,Budget,2025-06-01,780941.85
TXN0001092,EXP049,L04,Forecast,2025-02-01,33418.08
TXN0001093,EXP003,L12,Actual,2025-07-01,345403.82
TXN0001094,EXP060,L07,Budget,2025-12-01,386711.74
TXN0001095,EXP042,L12,Forecast,2025-09-01,177181.51
TXN0001096,EXP057,L08,Forecast,2025-11-01,14732.27
TXN0001097,EXP019,L03,Budget,2026-04-01,41757.44
TXN0001098,EXP029,L08,Forecast,2025-07-01,338120.87
TXN0001099,EXP030,L12,Forecast,2026-06-01,21707.96
TXN0001100,EXP023,L07,Forecast,2025-12-01,258277.49
TXN0001101,EXP059,L07,Budget,2025-03-01,21161.51
TXN0001102,EXP026,L04,Actual,2025-07-01,387994.22
TXN0001103,EXP050,L10,Forecast,2025-01-01,82898.85
TXN0001104,EXP058,L12,Forecast,2025-04-01,3195.67
TXN0001105,EXP023,L07,Budget,2025-02-01,351558.18
TXN0001106,EXP028,L12,Budget,2026-05-01,245406.72
TXN0001107,EXP049,L04,Actual,2025-03-01,30659.44
TXN0001108,EXP020,L04,Forecast,2025-04-01,382253.88
TXN0001109,EXP042,L12,Actual,2025-06-01,384018.05
TXN0001110,EXP023,L07,Actual,2025-08-01,363902.42
TXN0001111,EXP044,L03,Forecast,2025-11-01,60310.15
TXN0001112,EXP024,L10,Actual,2025-03-01,15236.55
TXN0001113,EXP027,L02,Actual,2025-01-01,258361.88
TXN0001114,EXP026,L04,Forecast,2026-02-01,377276.03
TXN0001115,EXP059,L07,Forecast,2025-02-01,31327.72
TXN0001116,EXP025,L08,Forecast,2026-03-01,192045.26
TXN0001117,REV003,L10,Forecast,2025-08-01,896698.53
TXN0001118,EXP033,L05,Actual,2025-05-01,287229.27
TXN0001119,EXP009,L04,Forecast,2025-07-01,228969.85
TXN0001120,EXP019,L03,Actual,2025-12-01,345031.43
TXN0001121,REV002,L09,Budget,2026-01-01,467160.04
TXN0001122,EXP025,L08,Budget,2025-11-01,132580.51
TXN0001123,EXP009,L04,Budget,2025-12-01,331720.02
TXN0001124,REV005,L03,Actual,2025-07-01,887562.97
TXN0001125,EXP021,L02,Actual,2025-05-01,359739.89
TXN0001126,EXP007,L02,Actual,2025-04-01,184832.65
TXN0001127,HC002,L04,Budget,2025-02-01,41.0
TXN0001128,EXP007,L02,Forecast,2025-05-01,89096.38
TXN0001129,EXP010,L07,Actual,2025-11-01,342692.56
TXN0001130,REV005,L03,Budget,2025-02-01,535620.03
TXN0001131,EXP042,L12,Actual,2025-02-01,143755.46
TXN0001132,REV001,L04,Forecast,2026-06-01,522417.98
TXN0001133,EXP027,L02,Forecast,2025-09-01,98704.34
TXN0001134,EXP005,L05,Budget,2025-03-01,154842.38
TXN0001135,EXP029,L08,Budget,2025-05-01,247273.99
TXN0001136,REV001,L04,Actual,2025-11-01,864034.61
TXN0001137,EXP060,L07,Actual,2025-11-01,302186.36
TXN0001138,EXP037,L01,Forecast,2026-06-01,181556.75
TXN0001139,EXP055,L06,Forecast,2025-06-01,36915.28
TXN0001140,EXP038,L09,Forecast,2026-02-01,126050.58
TXN0001141,EXP026,L04,Budget,2025-08-01,381394.0
TXN0001142,HC001,L04,Actual,2025-06-01,52.0
TXN0001143,REV001,L04,Forecast,2025-05-01,438937.16
TXN0001144,EXP023,L07,Forecast,2025-06-01,32939.6
TXN0001145,EXP030,L12,Actual,2025-01-01,278571.41
TXN0001146,EXP004,L10,Budget,2026-03-01,47584.71
TXN0001147,EXP052,L04,Actual,2025-06-01,91808.61
TXN0001148,EXP049,L04,Forecast,2025-01-01,74011.15
TXN0001149,EXP028,L12,Forecast,2025-06-01,41391.91
TXN0001150,EXP051,L01,Forecast,2025-06-01,28875.02
TXN0001151,EXP059,L07,Forecast,2025-04-01,209857.08
TXN0001152,EXP059,L07,Actual,2025-01-01,275185.39
TXN0001153,EXP037,L01,Budget,2026-02-01,44353.57
TXN0001154,EXP003,L12,Forecast,2026-02-01,86151.53
TXN0001155,EXP024,L10,Actual,2026-06-01,221139.24
TXN0001156,EXP047,L07,Forecast,2025-11-01,228452.07
TXN0001157,EXP030,L12,Forecast,2026-04-01,68656.8
TXN0001158,EXP045,L04,Budget,2026-01-01,223293.16
TXN0001159,REV003,L10,Forecast,2025-02-01,687850.59
TXN0001160,EXP050,L10,Actual,2025-08-01,192542.58
TXN0001161,EXP049,L04,Forecast,2025-07-01,28733.16
TXN0001162,EXP025,L08,Forecast,2025-05-01,204391.09
TXN0001163,EXP038,L09,Actual,2025-06-01,321874.92
TXN0001164,HC003,L08,Actual,2025-10-01,56.0
TXN0001165,REV004,L01,Forecast,2025-04-01,896114.59
TXN0001166,EXP004,L10,Budget,2026-04-01,66680.4
TXN0001167,REV004,L01,Budget,2026-06-01,231688.72
TXN0001168,EXP019,L03,Forecast,2025-05-01,250858.28
TXN0001169,EXP054,L07,Budget,2025-05-01,265669.17
TXN0001170,EXP005,L05,Budget,2025-09-01,37294.85
TXN0001171,HC003,L08,Actual,2025-09-01,42.0
TXN0001172,EXP009,L04,Forecast,2025-05-01,369972.8
TXN0001173,EXP056,L07,Forecast,2025-04-01,28283.52
TXN0001174,EXP024,L10,Forecast,2025-07-01,281038.11
TXN0001175,EXP044,L03,Budget,2025-01-01,52777.11
TXN0001176,EXP041,L06,Budget,2025-02-01,112245.29
TXN0001177,EXP046,L06,Forecast,2025-05-01,89168.97
TXN0001178,EXP004,L10,Budget,2026-03-01,200214.75
TXN0001179,EXP055,L06,Budget,2025-04-01,98992.3
TXN0001180,EXP046,L06,Budget,2025-02-01,359607.44
TXN0001181,EXP049,L04,Budget,2026-05-01,39227.75
TXN0001182,EXP022,L04,Budget,2026-02-01,102879.33
TXN0001183,EXP008,L02,Budget,2025-02-01,139084.87
TXN0001184,EXP051,L01,Forecast,2025-08-01,374091.29
TXN0001185,EXP029,L08,Actual,2026-03-01,143631.85
TXN0001186,EXP058,L12,Forecast,2025-04-01,245219.89
TXN0001187,EXP010,L07,Budget,2025-03-01,274147.22
TXN0001188,EXP042,L12,Budget,2025-03-01,167452.81
TXN0001189,EXP057,L08,Forecast,2025-03-01,188931.23
TXN0001190,EXP025,L08,Forecast,2025-02-01,344519.04
TXN0001191,EXP006,L08,Forecast,2026-05-01,88831.57
TXN0001192,EXP051,L01,Budget,2025-09-01,100680.71
TXN0001193,EXP048,L04,Forecast,2025-09-01,28618.57
TXN0001194,EXP025,L08,Actual,2025-06-01,62032.63
TXN0001195,EXP001,L02,Budget,2025-04-01,169080.23
TXN0001196,REV001,L04,Forecast,2025-02-01,361858.62
TXN0001197,EXP036,L06,Actual,2026-02-01,336890.97
TXN0001198,EXP059,L07,Actual,2026-03-01,381710.59
TXN0001199,EXP057,L08,Budget,2026-01-01,95079.42
TXN0001200,EXP026,L04,Budget,2025-03-01,228990.52
TXN0001201,EXP052,L04,Actual,2025-12-01,145944.86
TXN0001202,EXP020,L04,Forecast,2025-10-01,311963.56
TXN0001203,EXP051,L01,Actual,2025-10-01,263098.78
TXN0001204,EXP029,L08,Actual,2026-01-01,391919.23
TXN0001205,EXP044,L03,Actual,2025-07-01,287477.33
TXN0001206,EXP037,L01,Actual,2025-12-01,5397.38
TXN0001207,EXP042,L12,Forecast,2026-01-01,68575.38
TXN0001208,EXP008,L02,Budget,2025-06-01,155365.46
TXN0001209,EXP028,L12,Budget,2025-03-01,119616.05
TXN0001210,EXP005,L05,Actual,2025-07-01,314760.52
TXN0001211,EXP043,L10,Budget,2025-11-01,376453.66
TXN0001212,EXP036,L06,Forecast,2025-11-01,108088.91
TXN0001213,EXP005,L05,Budget,2026-05-01,340359.84
TXN0001214,EXP041,L06,Budget,2026-06-01,294510.97
TXN0001215,EXP039,L07,Forecast,2025-04-01,296482.31
TXN0001216,EXP060,L07,Actual,2025-05-01,256509.07
TXN0001217,EXP047,L07,Actual,2025-03-01,263889.97
TXN0001218,EXP037,L01,Forecast,2026-01-01,106940.55
TXN0001219,EXP008,L02,Forecast,2025-11-01,322389.18
TXN0001220,EXP057,L08,Budget,2025-10-01,378999.41
TXN0001221,EXP007,L02,Actual,2025-02-01,147138.86
TXN0001222,HC001,L04,Budget,2025-08-01,17.0
TXN0001223,EXP008,L02,Budget,2025-08-01,32864.23
TXN0001224,EXP046,L06,Actual,2026-05-01,200804.28
TXN0001225,REV002,L09,Actual,2025-09-01,364325.69
TXN0001226,EXP030,L12,Forecast,2026-01-01,366622.77
TXN0001227,EXP037,L01,Forecast,2025-09-01,200753.04
TXN0001228,EXP051,L01,Actual,2026-01-01,235556.95
TXN0001229,EXP058,L12,Forecast,2025-09-01,289254.78
TXN0001230,EXP058,L12,Forecast,2025-11-01,378901.8
TXN0001231,EXP024,L10,Budget,2026-02-01,149546.09
TXN0001232,EXP031,L10,Actual,2026-01-01,155890.37
TXN0001233,EXP047,L07,Forecast,2026-05-01,154158.49
TXN0001234,EXP052,L04,Budget,2026-02-01,85031.45
TXN0001235,HC003,L08,Budget,2025-03-01,12.0
TXN0001236,EXP022,L04,Actual,2025-12-01,10806.15
TXN0001237,EXP045,L04,Budget,2025-11-01,370266.63
TXN0001238,EXP060,L07,Forecast,2025-10-01,204202.14
TXN0001239,EXP053,L08,Actual,2025-06-01,304646.29
TXN0001240,EXP039,L07,Budget,2025-11-01,315037.9
TXN0001241,EXP024,L10,Forecast,2026-01-01,160035.81
TXN0001242,EXP055,L06,Actual,2025-06-01,46910.99
TXN0001243,EXP060,L07,Budget,2025-01-01,182373.73
TXN0001244,HC003,L08,Budget,2025-08-01,24.0
TXN0001245,EXP050,L10,Forecast,2025-04-01,107746.65
TXN0001246,EXP025,L08,Budget,2025-10-01,22950.38
TXN0001247,EXP043,L10,Actual,2026-06-01,234241.44
TXN0001248,HC001,L04,Budget,2026-02-01,53.0
TXN0001249,EXP003,L12,Actual,2025-11-01,354680.1
TXN0001250,EXP009,L04,Forecast,2025-02-01,182216.46
TXN0001251,EXP027,L02,Budget,2026-03-01,91950.18
TXN0001252,EXP059,L07,Forecast,2025-01-01,13935.09
TXN0001253,EXP042,L12,Forecast,2025-04-01,199281.6
TXN0001254,EXP034,L11,Actual,2025-06-01,58551.32
TXN0001255,EXP003,L12,Budget,2025-12-01,292496.01
TXN0001256,EXP029,L08,Budget,2026-06-01,113778.83
TXN0001257,EXP006,L08,Budget,2025-12-01,326626.9
TXN0001258,EXP043,L10,Actual,2025-06-01,174312.34
TXN0001259,EXP058,L12,Forecast,2026-03-01,105385.11
TXN0001260,EXP055,L06,Forecast,2026-04-01,21346.55
TXN0001261,EXP032,L01,Budget,2025-06-01,348138.07
TXN0001262,EXP060,L07,Forecast,2025-01-01,277217.39
TXN0001263,EXP027,L02,Actual,2025-05-01,90580.63
TXN0001264,EXP029,L08,Actual,2026-03-01,54558.64
TXN0001265,EXP028,L12,Actual,2025-11-01,163881.58
TXN0001266,EXP008,L02,Actual,2025-01-01,46367.1
TXN0001267,EXP059,L07,Budget,2025-02-01,370150.15
TXN0001268,EXP041,L06,Forecast,2025-12-01,326485.85
TXN0001269,EXP053,L08,Actual,2026-06-01,27026.96
TXN0001270,EXP060,L07,Actual,2025-11-01,260332.71
TXN0001271,EXP043,L10,Budget,2025-02-01,12076.26
TXN0001272,EXP005,L05,Actual,2025-06-01,292336.31
TXN0001273,REV005,L03,Actual,2025-06-01,321820.32
TXN0001274,EXP043,L10,Budget,2025-04-01,171318.2
TXN0001275,EXP039,L07,Actual,2025-08-01,387128.5
TXN0001276,EXP045,L04,Budget,2025-07-01,305699.4
TXN0001277,EXP034,L11,Forecast,2025-03-01,198762.1
TXN0001278,EXP006,L08,Budget,2025-07-01,50406.01
TXN0001279,EXP025,L08,Forecast,2025-12-01,141723.64
TXN0001280,EXP005,L05,Forecast,2026-01-01,72052.08
TXN0001281,EXP047,L07,Budget,2025-06-01,231094.17
TXN0001282,EXP041,L06,Actual,2025-08-01,138899.82
TXN0001283,EXP047,L07,Actual,2025-12-01,331244.3
TXN0001284,EXP056,L07,Forecast,2025-07-01,363998.75
TXN0001285,EXP005,L05,Budget,2025-05-01,256694.78
TXN0001286,EXP050,L10,Actual,2025-08-01,280325.59
TXN0001287,EXP008,L02,Forecast,2025-06-01,2566.82
TXN0001288,EXP024,L10,Actual,2025-08-01,313179.76
TXN0001289,EXP010,L07,Budget,2025-08-01,170444.28
TXN0001290,EXP001,L02,Forecast,2025-12-01,388853.16
TXN0001291,EXP031,L10,Actual,2025-03-01,363144.4
TXN0001292,EXP036,L06,Actual,2025-02-01,205557.36
TXN0001293,EXP025,L08,Forecast,2026-04-01,315589.05
TXN0001294,EXP003,L12,Forecast,2025-06-01,332246.43
TXN0001295,EXP008,L02,Actual,2025-02-01,41270.78
TXN0001296,EXP032,L01,Budget,2025-05-01,159777.44
TXN0001297,EXP023,L07,Forecast,2026-06-01,90460.03
TXN0001298,EXP036,L06,Forecast,2026-06-01,253583.77
TXN0001299,EXP007,L02,Forecast,2025-03-01,385535.68
TXN0001300,EXP032,L01,Forecast,2026-02-01,369371.07
TXN0001301,EXP049,L04,Actual,2026-06-01,344092.66
TXN0001302,EXP050,L10,Actual,2026-04-01,81721.04
TXN0001303,EXP029,L08,Actual,2025-05-01,59769.15
TXN0001304,EXP009,L04,Forecast,2025-05-01,58370.49
TXN0001305,EXP006,L08,Forecast,2026-05-01,8721.16
TXN0001306,EXP002,L10,Forecast,2025-10-01,102995.01
TXN0001307,EXP005,L05,Actual,2026-06-01,396175.03
TXN0001308,EXP055,L06,Forecast,2025-05-01,287507.25
TXN0001309,EXP043,L10,Forecast,2025-06-01,73098.01
TXN0001310,EXP023,L07,Actual,2025-02-01,152056.72
TXN0001311,EXP053,L08,Forecast,2025-11-01,86003.29
TXN0001312,EXP042,L12,Budget,2026-01-01,98412.78
TXN0001313,EXP058,L12,Forecast,2026-04-01,346068.31
TXN0001314,HC001,L04,Budget,2025-04-01,35.0
TXN0001315,REV004,L01,Actual,2026-01-01,631123.08
TXN0001316,EXP032,L01,Actual,2025-04-01,331413.92
TXN0001317,REV001,L04,Actual,2025-11-01,244747.9
TXN0001318,EXP036,L06,Actual,2025-04-01,261974.06
TXN0001319,EXP021,L02,Budget,2025-01-01,355614.5
TXN0001320,REV005,L03,Budget,2026-01-01,198337.56
TXN0001321,EXP043,L10,Budget,2026-05-01,314248.94
TXN0001322,EXP043,L10,Actual,2025-08-01,229222.41
TXN0001323,EXP047,L07,Actual,2025-12-01,155674.29
TXN0001324,EXP021,L02,Forecast,2025-09-01,316720.15
TXN0001325,REV003,L10,Actual,2025-11-01,263713.0
TXN0001326,REV005,L03,Budget,2025-03-01,363044.32
TXN0001327,EXP028,L12,Forecast,2025-09-01,30664.31
TXN0001328,EXP037,L01,Forecast,2025-11-01,133319.43
TXN0001329,HC003,L08,Budget,2025-03-01,37.0
TXN0001330,EXP047,L07,Actual,2025-07-01,237191.98
TXN0001331,EXP029,L08,Forecast,2026-04-01,144385.58
TXN0001332,EXP007,L02,Budget,2026-04-01,321764.39
TXN0001333,EXP052,L04,Budget,2025-01-01,102941.13
TXN0001334,EXP028,L12,Budget,2025-01-01,30306.02
TXN0001335,EXP056,L07,Forecast,2026-04-01,40245.41
TXN0001336,EXP047,L07,Forecast,2025-03-01,61569.11
TXN0001337,REV005,L03,Budget,2025-08-01,689113.1
TXN0001338,EXP028,L12,Forecast,2026-01-01,186177.45
TXN0001339,EXP037,L01,Forecast,2026-03-01,163581.41
TXN0001340,EXP037,L01,Forecast,2026-04-01,87816.54
TXN0001341,EXP006,L08,Actual,2026-04-01,357492.15
TXN0001342,EXP010,L07,Budget,2025-06-01,54476.94
TXN0001343,EXP042,L12,Actual,2025-01-01,185232.14
TXN0001344,EXP022,L04,Forecast,2026-05-01,214836.53
TXN0001345,EXP031,L10,Forecast,2026-06-01,169301.93
TXN0001346,HC001,L04,Forecast,2025-07-01,41.0
TXN0001347,EXP044,L03,Forecast,2025-10-01,82800.09
TXN0001348,EXP039,L07,Budget,2026-01-01,132868.64
TXN0001349,EXP008,L02,Budget,2026-05-01,269501.17
TXN0001350,EXP051,L01,Forecast,2025-11-01,74312.22
TXN0001351,EXP003,L12,Budget,2025-02-01,65098.74
TXN0001352,EXP038,L09,Budget,2025-12-01,337181.63
TXN0001353,EXP050,L10,Actual,2026-04-01,323406.58
TXN0001354,HC003,L08,Actual,2026-03-01,52.0
TXN0001355,EXP059,L07,Actual,2026-04-01,4741.29
TXN0001356,REV004,L01,Budget,2025-05-01,407735.16
TXN0001357,EXP036,L06,Actual,2026-01-01,123855.8
TXN0001358,EXP035,L07,Forecast,2026-02-01,199571.9
TXN0001359,EXP020,L04,Forecast,2026-03-01,238048.17
TXN0001360,EXP060,L07,Actual,2025-03-01,169076.26
TXN0001361,EXP008,L02,Actual,2025-12-01,171798.9
TXN0001362,REV003,L10,Actual,2025-11-01,78072.31
TXN0001363,EXP027,L02,Budget,2025-12-01,127264.42
TXN0001364,EXP010,L07,Actual,2025-07-01,16978.75
TXN0001365,EXP048,L04,Actual,2025-09-01,226888.43
TXN0001366,EXP040,L10,Budget,2026-03-01,177669.01
TXN0001367,EXP003,L12,Forecast,2025-12-01,56666.57
TXN0001368,EXP045,L04,Actual,2025-08-01,129796.3
TXN0001369,REV004,L01,Forecast,2025-12-01,554529.79
TXN0001370,EXP047,L07,Budget,2025-06-01,148466.72
TXN0001371,EXP003,L12,Budget,2026-05-01,66118.71
TXN0001372,EXP027,L02,Forecast,2025-07-01,171773.45
TXN0001373,HC001,L04,Budget,2025-11-01,40.0
TXN0001374,EXP019,L03,Forecast,2026-06-01,336517.41
TXN0001375,EXP049,L04,Actual,2026-01-01,140775.02
TXN0001376,EXP019,L03,Actual,2026-02-01,100709.44
TXN0001377,EXP022,L04,Actual,2025-10-01,298640.96
TXN0001378,EXP020,L04,Forecast,2025-09-01,314654.71
TXN0001379,EXP051,L01,Actual,2025-04-01,159417.73
TXN0001380,EXP060,L07,Forecast,2025-08-01,301686.64
TXN0001381,HC001,L04,Forecast,2025-09-01,18.0
TXN0001382,EXP038,L09,Actual,2025-10-01,92113.15
TXN0001383,EXP057,L08,Actual,2026-02-01,106990.15
TXN0001384,EXP034,L11,Forecast,2026-06-01,70192.27
TXN0001385,EXP010,L07,Budget,2025-11-01,201200.69
TXN0001386,EXP004,L10,Forecast,2026-04-01,289971.32
TXN0001387,EXP009,L04,Forecast,2026-06-01,257733.01
TXN0001388,EXP057,L08,Forecast,2025-09-01,41704.07
TXN0001389,EXP006,L08,Budget,2025-01-01,399087.13
TXN0001390,EXP049,L04,Forecast,2026-03-01,53377.33
TXN0001391,EXP045,L04,Budget,2025-04-01,344447.66
TXN0001392,EXP049,L04,Budget,2026-04-01,132075.75
TXN0001393,EXP058,L12,Forecast,2025-12-01,78701.12
TXN0001394,EXP041,L06,Forecast,2026-02-01,149476.52
TXN0001395,EXP031,L10,Forecast,2025-05-01,343939.12
TXN0001396,EXP004,L10,Budget,2025-08-01,6043.93
TXN0001397,EXP020,L04,Actual,2026-02-01,339606.11
TXN0001398,EXP025,L08,Budget,2025-05-01,289966.73
TXN0001399,EXP010,L07,Forecast,2025-02-01,329538.28
TXN0001400,EXP005,L05,Forecast,2025-12-01,44441.16
TXN0001401,EXP050,L10,Budget,2025-07-01,294067.87
TXN0001402,EXP030,L12,Actual,2026-01-01,345999.02
TXN0001403,EXP034,L11,Forecast,2026-01-01,77745.21
TXN0001404,EXP038,L09,Actual,2026-04-01,385609.26
TXN0001405,EXP036,L06,Actual,2025-03-01,369233.75
TXN0001406,EXP040,L10,Budget,2025-03-01,105914.4
TXN0001407,EXP024,L10,Forecast,2025-10-01,77282.72
TXN0001408,EXP045,L04,Actual,2026-01-01,156378.75
TXN0001409,EXP001,L02,Budget,2025-08-01,373950.43
TXN0001410,EXP036,L06,Actual,2025-02-01,354237.17
TXN0001411,EXP019,L03,Budget,2025-07-01,331867.8
TXN0001412,EXP006,L08,Forecast,2025-05-01,15327.22
TXN0001413,HC001,L04,Budget,2025-10-01,30.0
TXN0001414,EXP019,L03,Budget,2025-09-01,163817.83
TXN0001415,EXP042,L12,Budget,2025-01-01,121900.61
TXN0001416,EXP043,L10,Actual,2026-02-01,202765.01
TXN0001417,EXP045,L04,Forecast,2026-01-01,313009.52
TXN0001418,EXP035,L07,Budget,2025-02-01,221763.23
TXN0001419,EXP058,L12,Forecast,2025-11-01,284880.74
TXN0001420,EXP058,L12,Budget,2025-09-01,153808.78
TXN0001421,EXP038,L09,Budget,2025-05-01,354676.15
TXN0001422,EXP042,L12,Budget,2026-04-01,176385.36
TXN0001423,EXP019,L03,Budget,2026-03-01,106871.39
TXN0001424,REV003,L10,Actual,2025-07-01,765251.53
TXN0001425,REV004,L01,Budget,2025-08-01,506077.29
TXN0001426,EXP051,L01,Actual,2025-02-01,67021.07
TXN0001427,EXP053,L08,Forecast,2025-09-01,170005.47
TXN0001428,EXP022,L04,Budget,2026-03-01,301139.37
TXN0001429,EXP047,L07,Budget,2025-07-01,82014.66
TXN0001430,EXP034,L11,Budget,2025-08-01,5709.07
TXN0001431,REV002,L09,Budget,2025-11-01,391081.77
TXN0001432,EXP002,L10,Budget,2025-07-01,351370.26
TXN0001433,EXP010,L07,Budget,2025-08-01,80512.89
TXN0001434,EXP027,L02,Actual,2026-03-01,28952.88
TXN0001435,EXP045,L04,Budget,2026-02-01,313758.66
TXN0001436,EXP024,L10,Budget,2026-03-01,342649.31
TXN0001437,EXP005,L05,Actual,2025-12-01,300859.7
TXN0001438,EXP021,L02,Budget,2025-02-01,71077.19
TXN0001439,EXP042,L12,Actual,2025-07-01,24307.92
TXN0001440,EXP058,L12,Budget,2025-08-01,294417.02
TXN0001441,EXP036,L06,Actual,2026-04-01,69909.67
TXN0001442,REV002,L09,Budget,2025-09-01,659228.04
TXN0001443,EXP051,L01,Budget,2025-02-01,52568.21
TXN0001444,EXP019,L03,Actual,2025-03-01,378726.11
TXN0001445,EXP052,L04,Forecast,2025-01-01,38165.06
TXN0001446,EXP046,L06,Budget,2025-06-01,265443.12
TXN0001447,EXP004,L10,Actual,2025-02-01,352669.86
TXN0001448,REV004,L01,Actual,2026-02-01,828848.05
TXN0001449,HC002,L04,Forecast,2026-06-01,30.0
TXN0001450,EXP047,L07,Budget,2026-04-01,257592.86
TXN0001451,EXP045,L04,Actual,2025-11-01,330286.43
TXN0001452,EXP027,L02,Budget,2025-06-01,370412.4
TXN0001453,REV004,L01,Actual,2025-12-01,593845.95
TXN0001454,EXP010,L07,Forecast,2026-03-01,63326.29
TXN0001455,EXP044,L03,Actual,2025-05-01,137112.4
TXN0001456,EXP056,L07,Budget,2025-06-01,63909.63
TXN0001457,EXP039,L07,Budget,2025-11-01,155340.4
TXN0001458,EXP049,L04,Forecast,2025-10-01,285619.39
TXN0001459,EXP059,L07,Forecast,2025-05-01,378967.42
TXN0001460,EXP032,L01,Budget,2025-07-01,181645.07
TXN0001461,EXP050,L10,Budget,2025-06-01,41692.41
TXN0001462,EXP001,L02,Budget,2025-02-01,49451.87
TXN0001463,EXP030,L12,Forecast,2025-02-01,95811.06
TXN0001464,EXP023,L07,Forecast,2026-06-01,167539.61
TXN0001465,EXP059,L07,Forecast,2025-02-01,268504.63
TXN0001466,EXP058,L12,Budget,2026-03-01,342312.98
TXN0001467,EXP056,L07,Actual,2025-10-01,278047.21
TXN0001468,EXP052,L04,Forecast,2025-08-01,240109.16
TXN0001469,EXP023,L07,Budget,2025-09-01,278389.08
TXN0001470,EXP007,L02,Forecast,2025-11-01,294617.02
TXN0001471,EXP058,L12,Budget,2026-04-01,42605.42
TXN0001472,EXP007,L02,Budget,2026-04-01,378247.89
TXN0001473,EXP048,L04,Actual,2025-08-01,89684.19
TXN0001474,EXP030,L12,Budget,2025-06-01,10542.68
TXN0001475,EXP055,L06,Actual,2025-05-01,59448.1
TXN0001476,EXP025,L08,Budget,2026-01-01,272292.63
TXN0001477,EXP044,L03,Actual,2026-01-01,340298.96
TXN0001478,EXP008,L02,Budget,2025-01-01,277557.72
TXN0001479,EXP053,L08,Budget,2025-07-01,390512.47
TXN0001480,EXP019,L03,Actual,2026-03-01,351129.22
TXN0001481,EXP054,L07,Budget,2025-10-01,201876.93
TXN0001482,EXP034,L11,Actual,2026-05-01,240489.69
TXN0001483,EXP060,L07,Actual,2025-01-01,109842.92
TXN0001484,REV002,L09,Budget,2025-01-01,781154.19
TXN0001485,EXP040,L10,Forecast,2026-01-01,306850.18
TXN0001486,EXP044,L03,Actual,2025-03-01,245606.82
TXN0001487,EXP056,L07,Actual,2025-07-01,315633.1
TXN0001488,EXP029,L08,Actual,2025-09-01,250317.79
TXN0001489,EXP058,L12,Budget,2026-01-01,172001.2
TXN0001490,EXP043,L10,Budget,2025-06-01,379156.2
TXN0001491,EXP039,L07,Forecast,2025-11-01,166817.71
TXN0001492,HC003,L08,Budget,2026-03-01,59.0
TXN0001493,EXP032,L01,Actual,2025-11-01,318326.58
TXN0001494,EXP006,L08,Actual,2025-05-01,8979.67
TXN0001495,EXP001,L02,Actual,2025-12-01,218009.31
TXN0001496,EXP005,L05,Forecast,2025-05-01,13055.23
TXN0001497,EXP024,L10,Forecast,2025-06-01,62061.93
TXN0001498,EXP019,L03,Budget,2025-03-01,130386.97
TXN0001499,EXP056,L07,Actual,2025-07-01,18732.52
TXN0001500,EXP038,L09,Actual,2025-11-01,303465.43
TXN0001501,EXP045,L04,Forecast,2026-01-01,94571.37
TXN0001502,HC001,L04,Actual,2025-05-01,42.0
TXN0001503,EXP027,L02,Budget,2025-10-01,266303.96
TXN0001504,EXP007,L02,Budget,2026-02-01,152039.32
TXN0001505,EXP022,L04,Forecast,2025-09-01,250153.95
TXN0001506,REV002,L09,Forecast,2026-06-01,338696.07
TXN0001507,EXP008,L02,Budget,2025-04-01,90768.05
TXN0001508,EXP035,L07,Budget,2025-02-01,110499.32
TXN0001509,EXP035,L07,Budget,2025-06-01,27564.47
TXN0001510,EXP042,L12,Budget,2025-06-01,340500.48
TXN0001511,EXP002,L10,Budget,2025-03-01,150101.05
TXN0001512,EXP019,L03,Forecast,2025-04-01,285069.06
TXN0001513,EXP035,L07,Budget,2026-02-01,218289.07
TXN0001514,EXP035,L07,Actual,2026-01-01,120585.79
TXN0001515,REV001,L04,Budget,2025-04-01,501212.55
TXN0001516,HC002,L04,Forecast,2026-06-01,4.0
TXN0001517,EXP025,L08,Actual,2025-10-01,300530.49
TXN0001518,EXP054,L07,Forecast,2025-01-01,18946.93
TXN0001519,EXP025,L08,Budget,2026-05-01,366395.38
TXN0001520,EXP032,L01,Actual,2026-05-01,193215.73
TXN0001521,EXP054,L07,Actual,2026-05-01,132262.31
TXN0001522,EXP048,L04,Actual,2026-01-01,114144.05
TXN0001523,EXP056,L07,Actual,2025-10-01,310478.18
TXN0001524,EXP003,L12,Forecast,2026-02-01,290239.75
TXN0001525,EXP009,L04,Actual,2025-06-01,46493.64
TXN0001526,EXP005,L05,Forecast,2026-02-01,323848.0
TXN0001527,EXP007,L02,Budget,2025-07-01,74842.65
TXN0001528,EXP020,L04,Forecast,2025-03-01,20097.91
TXN0001529,EXP006,L08,Forecast,2025-09-01,213695.22
TXN0001530,EXP051,L01,Budget,2025-10-01,293630.09
TXN0001531,EXP033,L05,Forecast,2025-04-01,37838.95
TXN0001532,EXP056,L07,Forecast,2026-03-01,63062.85
TXN0001533,EXP049,L04,Actual,2025-09-01,230996.19
TXN0001534,EXP034,L11,Budget,2025-06-01,206447.53
TXN0001535,EXP008,L02,Budget,2026-06-01,9921.15
TXN0001536,EXP010,L07,Actual,2026-02-01,165108.89
TXN0001537,EXP048,L04,Forecast,2025-06-01,283079.69
TXN0001538,REV004,L01,Budget,2025-12-01,845809.27
TXN0001539,EXP048,L04,Budget,2026-06-01,135990.9
TXN0001540,EXP035,L07,Actual,2025-07-01,349441.33
TXN0001541,REV001,L04,Actual,2025-02-01,327641.84
TXN0001542,EXP007,L02,Actual,2025-08-01,354745.78
TXN0001543,EXP058,L12,Budget,2026-06-01,284494.18
TXN0001544,EXP060,L07,Actual,2026-06-01,276266.76
TXN0001545,EXP060,L07,Actual,2025-06-01,264673.93
TXN0001546,EXP037,L01,Forecast,2025-02-01,25737.24
TXN0001547,EXP026,L04,Forecast,2026-02-01,67277.61
TXN0001548,EXP030,L12,Actual,2025-08-01,343402.24
TXN0001549,EXP007,L02,Forecast,2025-07-01,353041.62
TXN0001550,EXP033,L05,Forecast,2026-01-01,269923.63
TXN0001551,EXP057,L08,Budget,2025-07-01,326193.83
TXN0001552,EXP027,L02,Forecast,2025-03-01,203251.96
TXN0001553,EXP041,L06,Budget,2026-06-01,365394.28
TXN0001554,EXP049,L04,Actual,2025-06-01,160264.46
TXN0001555,EXP002,L10,Budget,2026-02-01,221755.69
TXN0001556,EXP050,L10,Budget,2025-01-01,389312.7
TXN0001557,EXP008,L02,Budget,2026-05-01,316858.57
TXN0001558,EXP008,L02,Budget,2025-05-01,41461.44
TXN0001559,EXP035,L07,Forecast,2025-08-01,141032.39
TXN0001560,EXP007,L02,Actual,2025-03-01,212285.28
TXN0001561,EXP021,L02,Forecast,2025-01-01,163612.13
TXN0001562,EXP058,L12,Actual,2026-04-01,155485.81
TXN0001563,EXP042,L12,Budget,2026-02-01,302696.03
TXN0001564,EXP047,L07,Actual,2025-06-01,4497.03
TXN0001565,EXP058,L12,Forecast,2026-05-01,41979.56
TXN0001566,EXP042,L12,Actual,2025-08-01,308589.16
TXN0001567,EXP040,L10,Budget,2026-03-01,243466.12
TXN0001568,EXP027,L02,Budget,2026-03-01,367451.91
TXN0001569,EXP045,L04,Budget,2025-12-01,388034.92
TXN0001570,EXP027,L02,Forecast,2026-06-01,258014.1
TXN0001571,EXP035,L07,Forecast,2025-10-01,141277.52
TXN0001572,EXP032,L01,Budget,2025-01-01,396288.95
TXN0001573,EXP053,L08,Forecast,2025-05-01,281195.09
TXN0001574,EXP025,L08,Actual,2026-01-01,214478.9
TXN0001575,EXP049,L04,Budget,2025-12-01,230748.97
TXN0001576,EXP002,L10,Budget,2025-11-01,180390.51
TXN0001577,EXP020,L04,Forecast,2026-05-01,238084.29
TXN0001578,EXP058,L12,Budget,2025-11-01,131807.82
TXN0001579,EXP039,L07,Actual,2026-02-01,252053.28
TXN0001580,REV001,L04,Actual,2025-10-01,803605.27
TXN0001581,EXP038,L09,Forecast,2025-01-01,179130.62
TXN0001582,EXP041,L06,Actual,2025-05-01,306403.21
TXN0001583,EXP027,L02,Actual,2025-10-01,27045.8
TXN0001584,EXP029,L08,Forecast,2026-01-01,194803.62
TXN0001585,EXP036,L06,Budget,2026-06-01,313175.05
TXN0001586,EXP030,L12,Actual,2026-04-01,103454.22
TXN0001587,EXP023,L07,Forecast,2025-10-01,163439.98
TXN0001588,REV005,L03,Forecast,2025-07-01,732318.55
TXN0001589,EXP052,L04,Forecast,2025-10-01,46792.74
TXN0001590,EXP030,L12,Budget,2025-10-01,335880.49
TXN0001591,EXP034,L11,Forecast,2025-11-01,84090.64
TXN0001592,EXP047,L07,Forecast,2026-06-01,323754.05
TXN0001593,EXP002,L10,Actual,2025-10-01,311009.48
TXN0001594,EXP035,L07,Budget,2025-09-01,117426.27
TXN0001595,REV001,L04,Forecast,2025-06-01,613449.14
TXN0001596,EXP033,L05,Actual,2025-01-01,132013.47
TXN0001597,EXP006,L08,Budget,2025-02-01,67282.51
TXN0001598,EXP004,L10,Actual,2025-02-01,159889.63
TXN0001599,EXP019,L03,Forecast,2025-02-01,9195.12
TXN0001600,EXP035,L07,Budget,2025-09-01,214787.23
TXN0001601,HC002,L04,Actual,2026-05-01,7.0
TXN0001602,EXP050,L10,Budget,2025-01-01,223400.22
TXN0001603,EXP035,L07,Forecast,2026-06-01,77601.65
TXN0001604,EXP043,L10,Budget,2025-11-01,194022.11
TXN0001605,EXP043,L10,Forecast,2026-06-01,96310.55
TXN0001606,EXP039,L07,Forecast,2026-04-01,106240.78
TXN0001607,EXP055,L06,Forecast,2025-04-01,222226.22
TXN0001608,EXP027,L02,Budget,2025-01-01,61452.17
TXN0001609,EXP029,L08,Actual,2025-01-01,20802.83
TXN0001610,EXP009,L04,Budget,2025-12-01,288641.13
TXN0001611,EXP049,L04,Forecast,2026-01-01,42525.36
TXN0001612,EXP057,L08,Forecast,2025-12-01,258729.63
TXN0001613,REV002,L09,Actual,2026-01-01,298866.27
TXN0001614,EXP036,L06,Actual,2025-07-01,330536.27
TXN0001615,EXP035,L07,Forecast,2025-10-01,173933.3
TXN0001616,EXP037,L01,Budget,2026-05-01,304945.67
TXN0001617,EXP059,L07,Forecast,2025-01-01,262143.82
TXN0001618,EXP034,L11,Actual,2025-06-01,166949.27
TXN0001619,EXP042,L12,Budget,2025-01-01,46973.43
TXN0001620,EXP049,L04,Budget,2026-02-01,150199.77
TXN0001621,EXP045,L04,Budget,2025-02-01,93908.63
TXN0001622,EXP059,L07,Actual,2025-10-01,379978.18
TXN0001623,HC002,L04,Budget,2025-02-01,26.0
TXN0001624,EXP031,L10,Actual,2025-11-01,381967.47
TXN0001625,EXP036,L06,Actual,2025-12-01,67604.21
TXN0001626,REV003,L10,Actual,2025-05-01,719287.82
TXN0001627,EXP004,L10,Budget,2025-11-01,364244.15
TXN0001628,EXP040,L10,Forecast,2026-02-01,349152.59
TXN0001629,EXP004,L10,Actual,2026-02-01,307711.13
TXN0001630,EXP007,L02,Budget,2025-04-01,244377.39
TXN0001631,EXP022,L04,Budget,2025-07-01,372884.31
TXN0001632,EXP042,L12,Forecast,2025-10-01,176951.58
TXN0001633,REV002,L09,Actual,2026-04-01,311207.7
TXN0001634,EXP058,L12,Actual,2025-10-01,217391.17
TXN0001635,EXP044,L03,Actual,2025-12-01,239720.51
TXN0001636,EXP039,L07,Actual,2025-11-01,69947.54
TXN0001637,EXP055,L06,Budget,2026-06-01,91639.22
TXN0001638,REV001,L04,Actual,2025-03-01,874031.78
TXN0001639,EXP019,L03,Actual,2025-12-01,88828.22
TXN0001640,EXP006,L08,Forecast,2025-02-01,3323.07
TXN0001641,HC001,L04,Actual,2025-05-01,43.0
TXN0001642,EXP007,L02,Budget,2025-03-01,371859.7
TXN0001643,EXP050,L10,Actual,2025-08-01,369408.01
TXN0001644,EXP041,L06,Budget,2026-03-01,198872.08
TXN0001645,EXP028,L12,Actual,2026-06-01,257730.14
TXN0001646,EXP047,L07,Budget,2025-12-01,223162.65
TXN0001647,EXP046,L06,Forecast,2025-11-01,222549.25
TXN0001648,EXP006,L08,Budget,2025-10-01,69783.85
TXN0001649,EXP054,L07,Actual,2025-05-01,285695.46
TXN0001650,EXP021,L02,Budget,2026-01-01,48031.15
TXN0001651,EXP033,L05,Actual,2026-04-01,148560.87
TXN0001652,EXP001,L02,Actual,2025-03-01,23786.17
TXN0001653,EXP059,L07,Budget,2026-05-01,340968.43
TXN0001654,REV004,L01,Actual,2025-10-01,559393.39
TXN0001655,HC002,L04,Actual,2026-03-01,20.0
TXN0001656,HC003,L08,Actual,2025-08-01,49.0
TXN0001657,EXP024,L10,Forecast,2025-07-01,143935.56
TXN0001658,EXP005,L05,Actual,2026-03-01,349790.32
TXN0001659,EXP047,L07,Forecast,2025-10-01,46629.72
TXN0001660,EXP051,L01,Actual,2025-04-01,143850.03
TXN0001661,EXP020,L04,Forecast,2026-03-01,81376.64
TXN0001662,EXP019,L03,Forecast,2025-07-01,16585.52
TXN0001663,EXP010,L07,Actual,2026-05-01,214657.61
TXN0001664,EXP010,L07,Budget,2025-04-01,212880.75
TXN0001665,EXP027,L02,Budget,2025-03-01,275975.57
TXN0001666,HC001,L04,Forecast,2026-05-01,59.0
TXN0001667,EXP039,L07,Budget,2026-02-01,374662.96
TXN0001668,EXP033,L05,Actual,2026-05-01,214909.26
TXN0001669,EXP007,L02,Forecast,2025-03-01,142345.3
TXN0001670,EXP007,L02,Actual,2026-06-01,191136.7
TXN0001671,REV001,L04,Actual,2026-06-01,419575.69
TXN0001672,EXP021,L02,Forecast,2025-03-01,126757.45
TXN0001673,EXP003,L12,Actual,2025-10-01,164620.29
TXN0001674,EXP054,L07,Forecast,2025-07-01,370779.71
TXN0001675,EXP047,L07,Budget,2026-04-01,325242.78
TXN0001676,EXP051,L01,Forecast,2025-02-01,42407.81
TXN0001677,EXP037,L01,Budget,2025-12-01,171092.6
TXN0001678,EXP031,L10,Budget,2025-10-01,113128.1
TXN0001679,EXP025,L08,Actual,2025-03-01,294617.83
TXN0001680,EXP029,L08,Forecast,2026-01-01,373539.11
TXN0001681,EXP038,L09,Actual,2025-03-01,394800.9
TXN0001682,EXP010,L07,Budget,2026-01-01,56347.58
TXN0001683,EXP039,L07,Forecast,2025-09-01,355686.21
TXN0001684,EXP041,L06,Actual,2025-09-01,388724.18
TXN0001685,EXP022,L04,Budget,2025-01-01,276418.5
TXN0001686,EXP003,L12,Budget,2026-06-01,239039.8
TXN0001687,EXP022,L04,Actual,2025-08-01,231820.9
TXN0001688,EXP035,L07,Budget,2025-11-01,67162.88
TXN0001689,EXP046,L06,Budget,2026-06-01,238591.49
TXN0001690,EXP043,L10,Forecast,2025-10-01,362031.64
TXN0001691,EXP006,L08,Forecast,2025-10-01,157165.25
TXN0001692,EXP048,L04,Forecast,2026-05-01,120421.24
TXN0001693,EXP049,L04,Forecast,2026-03-01,233969.89
TXN0001694,EXP029,L08,Budget,2026-06-01,364513.79
TXN0001695,EXP024,L10,Actual,2025-11-01,254773.56
TXN0001696,EXP037,L01,Actual,2026-05-01,52314.53
TXN0001697,EXP034,L11,Forecast,2025-04-01,337349.63
TXN0001698,REV004,L01,Budget,2025-05-01,110738.54
TXN0001699,EXP048,L04,Forecast,2026-03-01,292988.98
TXN0001700,EXP039,L07,Forecast,2025-03-01,328360.67
TXN0001701,EXP020,L04,Forecast,2026-06-01,76637.51
TXN0001702,EXP039,L07,Actual,2025-03-01,185924.59
TXN0001703,EXP060,L07,Actual,2026-05-01,121100.98
TXN0001704,HC002,L04,Actual,2025-04-01,51.0
TXN0001705,HC003,L08,Budget,2026-02-01,32.0
TXN0001706,EXP049,L04,Budget,2026-05-01,397975.71
TXN0001707,EXP034,L11,Budget,2025-03-01,74525.63
TXN0001708,EXP009,L04,Forecast,2025-01-01,85548.18
TXN0001709,EXP033,L05,Actual,2026-02-01,339870.67
TXN0001710,EXP003,L12,Budget,2025-08-01,244682.33
TXN0001711,EXP032,L01,Forecast,2025-03-01,111490.69
TXN0001712,EXP059,L07,Actual,2025-01-01,355228.17
TXN0001713,REV002,L09,Forecast,2025-06-01,758385.34
TXN0001714,EXP029,L08,Actual,2025-02-01,149421.8
TXN0001715,EXP005,L05,Forecast,2026-02-01,369995.44
TXN0001716,EXP038,L09,Budget,2025-08-01,329598.83
TXN0001717,EXP024,L10,Budget,2025-11-01,298316.38
TXN0001718,EXP035,L07,Budget,2026-03-01,384551.55
TXN0001719,REV001,L04,Forecast,2025-11-01,215885.04
TXN0001720,EXP044,L03,Actual,2025-01-01,298959.26
TXN0001721,EXP003,L12,Budget,2025-08-01,315331.39
TXN0001722,EXP001,L02,Budget,2025-08-01,383493.33
TXN0001723,EXP035,L07,Budget,2026-04-01,124334.76
TXN0001724,EXP042,L12,Actual,2025-12-01,50262.51
TXN0001725,EXP047,L07,Actual,2025-02-01,230439.17
TXN0001726,EXP045,L04,Forecast,2025-11-01,330888.01
TXN0001727,EXP052,L04,Budget,2026-05-01,287437.19
TXN0001728,REV003,L10,Actual,2025-11-01,101847.06
TXN0001729,EXP004,L10,Actual,2025-07-01,286424.19
TXN0001730,EXP009,L04,Actual,2025-03-01,362499.19
TXN0001731,EXP060,L07,Forecast,2026-05-01,199483.36
TXN0001732,EXP025,L08,Actual,2025-05-01,366175.02
TXN0001733,EXP001,L02,Budget,2025-12-01,204843.49
TXN0001734,EXP039,L07,Actual,2025-08-01,85176.35
TXN0001735,HC001,L04,Forecast,2025-02-01,46.0
TXN0001736,REV001,L04,Forecast,2025-11-01,512869.77
TXN0001737,EXP056,L07,Actual,2025-03-01,147953.78
TXN0001738,EXP019,L03,Actual,2025-08-01,36207.39
TXN0001739,EXP022,L04,Actual,2026-01-01,97284.7
TXN0001740,EXP032,L01,Forecast,2025-06-01,144113.21
TXN0001741,EXP051,L01,Budget,2025-04-01,153172.68
TXN0001742,HC001,L04,Actual,2025-02-01,43.0
TXN0001743,EXP004,L10,Forecast,2025-08-01,189671.64
TXN0001744,EXP007,L02,Actual,2025-01-01,342393.6
TXN0001745,EXP035,L07,Forecast,2026-02-01,398713.85
TXN0001746,EXP042,L12,Actual,2026-02-01,3865.02
TXN0001747,EXP059,L07,Budget,2025-10-01,72481.49
TXN0001748,EXP001,L02,Actual,2025-09-01,104057.05
TXN0001749,EXP053,L08,Forecast,2026-02-01,32464.27
TXN0001750,EXP058,L12,Budget,2026-03-01,383642.05
TXN0001751,EXP021,L02,Forecast,2025-07-01,135235.32
TXN0001752,EXP056,L07,Forecast,2025-10-01,165018.71
TXN0001753,HC002,L04,Budget,2025-12-01,8.0
TXN0001754,REV003,L10,Budget,2026-06-01,514833.5
TXN0001755,EXP004,L10,Actual,2025-07-01,5292.48
TXN0001756,EXP005,L05,Actual,2026-02-01,84995.19
TXN0001757,EXP004,L10,Forecast,2025-04-01,106792.25
TXN0001758,HC002,L04,Forecast,2025-09-01,30.0
TXN0001759,EXP003,L12,Forecast,2025-08-01,237607.11
TXN0001760,EXP051,L01,Budget,2025-01-01,230987.1
TXN0001761,EXP037,L01,Budget,2026-02-01,199128.25
TXN0001762,HC002,L04,Forecast,2025-01-01,37.0
TXN0001763,EXP007,L02,Budget,2026-05-01,215559.26
TXN0001764,EXP055,L06,Actual,2026-05-01,182829.21
TXN0001765,HC003,L08,Actual,2025-12-01,8.0
TXN0001766,EXP055,L06,Forecast,2025-08-01,332800.94
TXN0001767,EXP050,L10,Actual,2026-06-01,299949.41
TXN0001768,EXP030,L12,Budget,2026-04-01,51067.78
TXN0001769,HC003,L08,Budget,2025-01-01,42.0
TXN0001770,EXP028,L12,Forecast,2026-06-01,394077.48
TXN0001771,EXP051,L01,Budget,2026-01-01,335979.2
TXN0001772,EXP053,L08,Actual,2025-02-01,82831.84
TXN0001773,EXP009,L04,Forecast,2026-05-01,304482.66
TXN0001774,EXP058,L12,Budget,2026-05-01,198380.23
TXN0001775,EXP036,L06,Actual,2026-03-01,261456.03
TXN0001776,EXP023,L07,Forecast,2025-08-01,293454.64
TXN0001777,EXP009,L04,Actual,2025-10-01,304870.41
TXN0001778,EXP029,L08,Budget,2025-09-01,39528.65
TXN0001779,EXP046,L06,Budget,2025-01-01,249830.09
TXN0001780,EXP003,L12,Actual,2025-07-01,206035.13
TXN0001781,EXP041,L06,Actual,2025-01-01,76143.3
TXN0001782,EXP004,L10,Actual,2025-05-01,140774.97
TXN0001783,EXP051,L01,Budget,2025-02-01,369684.22
TXN0001784,REV005,L03,Forecast,2025-06-01,783002.98
TXN0001785,EXP010,L07,Budget,2025-02-01,290216.15
TXN0001786,EXP023,L07,Actual,2026-03-01,55312.3
TXN0001787,HC003,L08,Actual,2025-03-01,2.0
TXN0001788,REV004,L01,Forecast,2026-04-01,636046.99
TXN0001789,EXP054,L07,Forecast,2025-09-01,41682.5
TXN0001790,EXP009,L04,Budget,2025-09-01,149750.1
TXN0001791,EXP050,L10,Budget,2026-06-01,258012.13
TXN0001792,REV004,L01,Forecast,2026-04-01,657398.94
TXN0001793,EXP020,L04,Budget,2025-05-01,59390.96
TXN0001794,HC003,L08,Forecast,2026-03-01,2.0
TXN0001795,EXP038,L09,Forecast,2026-06-01,190918.44
TXN0001796,EXP048,L04,Actual,2025-09-01,346488.96
TXN0001797,EXP037,L01,Actual,2025-07-01,74966.23
TXN0001798,EXP024,L10,Budget,2026-04-01,337108.8
TXN0001799,EXP051,L01,Budget,2025-06-01,117265.82
TXN0001800,HC002,L04,Forecast,2025-07-01,12.0
TXN0001801,EXP027,L02,Budget,2025-04-01,214360.62
TXN0001802,EXP040,L10,Budget,2025-02-01,78582.72
TXN0001803,EXP025,L08,Forecast,2026-02-01,41488.27
TXN0001804,EXP025,L08,Budget,2025-02-01,191006.67
TXN0001805,EXP005,L05,Forecast,2026-01-01,180563.02
TXN0001806,EXP042,L12,Budget,2025-02-01,373831.55
TXN0001807,EXP005,L05,Budget,2025-02-01,238633.61
TXN0001808,EXP050,L10,Budget,2026-01-01,357518.48
TXN0001809,EXP027,L02,Forecast,2025-05-01,29891.22
TXN0001810,EXP024,L10,Budget,2026-02-01,383457.6
TXN0001811,EXP038,L09,Budget,2025-01-01,136907.73
TXN0001812,EXP031,L10,Forecast,2025-11-01,13949.98
TXN0001813,EXP002,L10,Actual,2025-08-01,56351.47
TXN0001814,EXP052,L04,Forecast,2025-01-01,12346.75
TXN0001815,EXP030,L12,Budget,2026-03-01,37611.14
TXN0001816,EXP049,L04,Budget,2026-03-01,70322.74
TXN0001817,EXP001,L02,Budget,2025-07-01,217133.27
TXN0001818,EXP025,L08,Forecast,2025-02-01,297811.27
TXN0001819,EXP031,L10,Budget,2026-01-01,199254.48
TXN0001820,EXP007,L02,Budget,2025-01-01,322097.46
TXN0001821,HC002,L04,Actual,2025-09-01,48.0
TXN0001822,EXP027,L02,Budget,2026-04-01,46161.82
TXN0001823,EXP006,L08,Forecast,2025-03-01,190636.48
TXN0001824,REV001,L04,Actual,2025-09-01,310434.26
TXN0001825,EXP027,L02,Budget,2025-05-01,330370.92
TXN0001826,EXP049,L04,Actual,2025-10-01,343017.76
TXN0001827,EXP060,L07,Budget,2025-06-01,145497.27
TXN0001828,EXP001,L02,Forecast,2026-01-01,8127.91
TXN0001829,EXP022,L04,Budget,2025-07-01,364725.06
TXN0001830,HC003,L08,Budget,2025-05-01,47.0
TXN0001831,EXP059,L07,Forecast,2025-01-01,234169.73
TXN0001832,EXP020,L04,Forecast,2026-03-01,319538.85
TXN0001833,EXP031,L10,Budget,2026-01-01,247575.58
TXN0001834,EXP009,L04,Forecast,2025-06-01,169425.17
TXN0001835,EXP041,L06,Actual,2025-11-01,39560.6
TXN0001836,EXP060,L07,Budget,2026-04-01,164772.16
TXN0001837,EXP042,L12,Actual,2025-10-01,288639.64
TXN0001838,REV002,L09,Forecast,2025-05-01,279796.13
TXN0001839,EXP023,L07,Forecast,2025-12-01,234569.76
TXN0001840,EXP023,L07,Budget,2026-01-01,16748.04
TXN0001841,EXP002,L10,Budget,2025-04-01,129228.32
TXN0001842,EXP060,L07,Forecast,2025-03-01,69950.35
TXN0001843,EXP028,L12,Forecast,2026-01-01,397360.35
TXN0001844,EXP045,L04,Actual,2026-06-01,354188.67
TXN0001845,HC002,L04,Actual,2026-06-01,28.0
TXN0001846,EXP051,L01,Forecast,2026-02-01,52506.88
TXN0001847,EXP030,L12,Actual,2025-02-01,363326.13
TXN0001848,EXP033,L05,Forecast,2025-09-01,126160.7
TXN0001849,HC002,L04,Budget,2026-05-01,48.0
TXN0001850,EXP010,L07,Actual,2026-06-01,390615.81
TXN0001851,EXP037,L01,Budget,2025-02-01,197296.89
TXN0001852,EXP040,L10,Forecast,2025-05-01,36130.11
TXN0001853,EXP020,L04,Budget,2025-02-01,162658.24
TXN0001854,EXP048,L04,Forecast,2026-05-01,373449.41
TXN0001855,EXP050,L10,Budget,2026-01-01,243955.92
TXN0001856,EXP047,L07,Forecast,2025-05-01,333775.08
TXN0001857,EXP051,L01,Actual,2025-08-01,112883.79
TXN0001858,HC003,L08,Forecast,2026-02-01,18.0
TXN0001859,EXP029,L08,Budget,2026-05-01,64772.69
TXN0001860,EXP010,L07,Forecast,2026-05-01,165266.93
TXN0001861,HC003,L08,Actual,2025-06-01,10.0
TXN0001862,EXP046,L06,Budget,2025-06-01,28235.39
TXN0001863,EXP006,L08,Budget,2026-04-01,275155.05
TXN0001864,EXP048,L04,Budget,2025-01-01,144993.29
TXN0001865,EXP022,L04,Budget,2025-07-01,305022.27
TXN0001866,REV001,L04,Budget,2025-01-01,65447.65
TXN0001867,EXP034,L11,Actual,2025-08-01,317725.22
TXN0001868,EXP048,L04,Forecast,2026-01-01,182467.94
TXN0001869,EXP038,L09,Budget,2025-01-01,3336.76
TXN0001870,EXP034,L11,Forecast,2025-03-01,50284.6
TXN0001871,EXP003,L12,Actual,2025-01-01,11210.78
TXN0001872,EXP055,L06,Budget,2026-01-01,227951.53
TXN0001873,EXP048,L04,Forecast,2025-05-01,328519.19
TXN0001874,EXP004,L10,Forecast,2026-04-01,82213.53
TXN0001875,EXP030,L12,Forecast,2026-06-01,378138.24
TXN0001876,EXP037,L01,Forecast,2026-03-01,296525.03
TXN0001877,EXP040,L10,Budget,2026-01-01,5544.74
TXN0001878,EXP051,L01,Forecast,2025-11-01,121480.22
TXN0001879,EXP054,L07,Budget,2026-06-01,171252.45
TXN0001880,HC002,L04,Actual,2025-08-01,3.0
TXN0001881,REV004,L01,Budget,2026-05-01,285730.52
TXN0001882,EXP010,L07,Budget,2026-02-01,49258.8
TXN0001883,EXP002,L10,Forecast,2025-08-01,381330.72
TXN0001884,EXP001,L02,Budget,2026-05-01,353187.43
TXN0001885,EXP021,L02,Budget,2026-06-01,259013.19
TXN0001886,EXP045,L04,Actual,2025-11-01,201496.9
TXN0001887,EXP049,L04,Forecast,2025-10-01,61732.33
TXN0001888,REV002,L09,Budget,2025-09-01,734181.88
TXN0001889,EXP043,L10,Budget,2025-03-01,146481.5
TXN0001890,EXP021,L02,Budget,2025-09-01,166323.43
TXN0001891,REV002,L09,Actual,2025-11-01,368802.54
TXN0001892,EXP037,L01,Forecast,2025-09-01,114786.65
TXN0001893,EXP057,L08,Forecast,2025-09-01,345565.61
TXN0001894,EXP028,L12,Actual,2025-05-01,287013.39
TXN0001895,EXP002,L10,Budget,2026-06-01,56903.38
TXN0001896,EXP057,L08,Forecast,2025-01-01,324425.1
TXN0001897,EXP046,L06,Forecast,2025-03-01,276109.9
TXN0001898,EXP005,L05,Budget,2025-08-01,206308.89
TXN0001899,EXP039,L07,Actual,2025-01-01,61418.14
TXN0001900,EXP058,L12,Actual,2025-05-01,15404.92
TXN0001901,EXP023,L07,Forecast,2025-03-01,199758.5
TXN0001902,EXP045,L04,Actual,2025-05-01,188092.46
TXN0001903,EXP051,L01,Actual,2025-07-01,165811.16
TXN0001904,EXP006,L08,Budget,2025-12-01,398306.82
TXN0001905,REV002,L09,Budget,2025-10-01,124111.43
TXN0001906,EXP040,L10,Budget,2026-06-01,380266.27
TXN0001907,EXP036,L06,Forecast,2025-11-01,44658.78
TXN0001908,EXP003,L12,Forecast,2026-02-01,375430.71
TXN0001909,EXP041,L06,Budget,2025-11-01,139688.72
TXN0001910,REV002,L09,Actual,2026-01-01,147258.92
TXN0001911,REV003,L10,Budget,2026-03-01,561372.79
TXN0001912,EXP010,L07,Budget,2025-09-01,171735.28
TXN0001913,REV002,L09,Budget,2025-03-01,158618.8
TXN0001914,HC001,L04,Forecast,2025-05-01,30.0
TXN0001915,EXP001,L02,Budget,2025-03-01,289915.7
TXN0001916,EXP048,L04,Budget,2025-07-01,393476.46
TXN0001917,EXP004,L10,Forecast,2026-02-01,29320.22
TXN0001918,EXP001,L02,Budget,2025-01-01,262635.86
TXN0001919,HC002,L04,Forecast,2025-12-01,1.0
TXN0001920,EXP032,L01,Forecast,2026-02-01,175220.03
TXN0001921,EXP021,L02,Budget,2025-09-01,126198.51
TXN0001922,EXP047,L07,Budget,2025-10-01,262726.44
TXN0001923,EXP058,L12,Budget,2026-03-01,168746.84
TXN0001924,EXP010,L07,Forecast,2025-10-01,154362.1
TXN0001925,REV002,L09,Budget,2025-03-01,332961.85
TXN0001926,REV001,L04,Actual,2026-04-01,661301.72
TXN0001927,EXP052,L04,Forecast,2025-07-01,385687.47
TXN0001928,EXP020,L04,Actual,2025-05-01,105270.25
TXN0001929,EXP023,L07,Forecast,2026-02-01,35063.51
TXN0001930,EXP027,L02,Forecast,2025-06-01,66946.4
TXN0001931,EXP021,L02,Budget,2025-05-01,330767.96
TXN0001932,EXP043,L10,Budget,2026-01-01,182319.15
TXN0001933,REV001,L04,Forecast,2026-01-01,770208.41
TXN0001934,EXP046,L06,Actual,2025-12-01,372889.16
TXN0001935,EXP051,L01,Actual,2025-05-01,342658.44
TXN0001936,HC003,L08,Budget,2026-03-01,57.0
TXN0001937,EXP027,L02,Forecast,2026-03-01,205233.42
TXN0001938,EXP055,L06,Actual,2025-10-01,190375.38
TXN0001939,EXP054,L07,Budget,2025-06-01,232116.08
TXN0001940,EXP041,L06,Budget,2025-12-01,7987.8
TXN0001941,EXP027,L02,Budget,2026-05-01,122716.61
TXN0001942,EXP037,L01,Actual,2025-10-01,389474.62
TXN0001943,EXP004,L10,Budget,2025-11-01,345909.58
TXN0001944,EXP052,L04,Budget,2025-10-01,23351.73
TXN0001945,EXP047,L07,Actual,2026-01-01,219978.13
TXN0001946,EXP003,L12,Budget,2025-03-01,135838.81
TXN0001947,EXP041,L06,Actual,2025-09-01,242631.3
TXN0001948,EXP049,L04,Actual,2025-06-01,144053.05
TXN0001949,EXP037,L01,Budget,2025-01-01,388018.83
TXN0001950,EXP043,L10,Forecast,2025-09-01,320809.88
TXN0001951,EXP042,L12,Budget,2025-04-01,42227.99
TXN0001952,EXP046,L06,Forecast,2026-04-01,310095.81
TXN0001953,EXP035,L07,Forecast,2025-03-01,213416.17
TXN0001954,EXP030,L12,Budget,2025-01-01,343155.46
TXN0001955,EXP028,L12,Budget,2025-10-01,91688.23
TXN0001956,EXP044,L03,Forecast,2025-10-01,201176.23
TXN0001957,EXP056,L07,Forecast,2025-06-01,290158.23
TXN0001958,EXP034,L11,Forecast,2025-09-01,235501.22
TXN0001959,EXP027,L02,Forecast,2025-01-01,397242.82
TXN0001960,EXP026,L04,Actual,2025-01-01,140232.05
TXN0001961,EXP002,L10,Budget,2025-02-01,74334.45
TXN0001962,EXP006,L08,Actual,2025-10-01,80037.18
TXN0001963,EXP048,L04,Actual,2025-03-01,321254.6
TXN0001964,EXP007,L02,Budget,2025-01-01,49148.62
TXN0001965,EXP026,L04,Budget,2025-10-01,245297.71
TXN0001966,EXP034,L11,Actual,2025-01-01,329870.66
TXN0001967,HC001,L04,Actual,2025-05-01,7.0
TXN0001968,EXP046,L06,Forecast,2026-05-01,155250.12
TXN0001969,REV004,L01,Budget,2025-06-01,103109.68
TXN0001970,EXP045,L04,Budget,2025-04-01,238680.45
TXN0001971,EXP036,L06,Forecast,2025-02-01,33912.4
TXN0001972,EXP052,L04,Actual,2025-02-01,375466.64
TXN0001973,EXP009,L04,Actual,2026-04-01,325689.97
TXN0001974,HC001,L04,Budget,2026-04-01,48.0
TXN0001975,EXP002,L10,Forecast,2026-03-01,305247.18
TXN0001976,EXP036,L06,Actual,2025-02-01,312708.37
TXN0001977,EXP002,L10,Forecast,2026-01-01,353874.22
TXN0001978,EXP005,L05,Actual,2025-02-01,289259.9
TXN0001979,HC002,L04,Budget,2025-10-01,55.0
TXN0001980,EXP041,L06,Actual,2026-05-01,132805.39
TXN0001981,EXP024,L10,Budget,2025-04-01,32662.44
TXN0001982,EXP029,L08,Actual,2025-08-01,136403.46
TXN0001983,EXP006,L08,Forecast,2025-04-01,11008.26
TXN0001984,EXP060,L07,Budget,2026-06-01,212336.84
TXN0001985,EXP056,L07,Actual,2026-05-01,298381.59
TXN0001986,EXP031,L10,Budget,2026-03-01,240300.23
TXN0001987,REV004,L01,Forecast,2025-08-01,447756.02
TXN0001988,EXP027,L02,Budget,2026-02-01,12941.17
TXN0001989,EXP045,L04,Forecast,2025-04-01,312120.5
TXN0001990,EXP031,L10,Budget,2025-05-01,357715.4
TXN0001991,EXP044,L03,Forecast,2026-01-01,102023.06
TXN0001992,EXP032,L01,Budget,2026-06-01,80790.26
TXN0001993,EXP022,L04,Budget,2025-02-01,180068.66
TXN0001994,EXP027,L02,Forecast,2025-04-01,360068.78
TXN0001995,REV001,L04,Budget,2025-10-01,514975.4
TXN0001996,EXP044,L03,Forecast,2026-06-01,147801.89
TXN0001997,EXP023,L07,Actual,2026-05-01,14528.17
TXN0001998,EXP006,L08,Forecast,2025-09-01,268313.61
TXN0001999,EXP019,L03,Budget,2025-05-01,86888.34
TXN0002000,EXP026,L04,Budget,2025-06-01,388170.59
TXN0002001,EXP003,L12,Actual,2025-02-01,316158.12
TXN0002002,EXP025,L08,Forecast,2026-01-01,221491.44
TXN0002003,EXP055,L06,Actual,2025-09-01,160567.49
TXN0002004,EXP031,L10,Budget,2026-01-01,320737.11
TXN0002005,EXP044,L03,Forecast,2025-12-01,28384.7
TXN0002006,EXP040,L10,Forecast,2025-04-01,99871.31
TXN0002007,EXP055,L06,Actual,2025-05-01,37598.19
TXN0002008,REV004,L01,Forecast,2025-04-01,762920.13
TXN0002009,EXP058,L12,Actual,2025-05-01,156581.29
TXN0002010,REV001,L04,Actual,2025-01-01,234947.77
TXN0002011,EXP024,L10,Budget,2026-05-01,307203.81
TXN0002012,EXP058,L12,Budget,2025-10-01,339716.78
TXN0002013,EXP045,L04,Forecast,2025-04-01,248761.11
TXN0002014,EXP056,L07,Budget,2025-05-01,116846.24
TXN0002015,EXP055,L06,Actual,2026-05-01,28251.45
TXN0002016,REV002,L09,Budget,2025-10-01,825943.51
TXN0002017,EXP048,L04,Actual,2025-03-01,325990.88
TXN0002018,EXP021,L02,Budget,2025-02-01,60649.32
TXN0002019,EXP024,L10,Budget,2026-01-01,191555.93
TXN0002020,EXP024,L10,Forecast,2026-06-01,395686.38
TXN0002021,EXP045,L04,Actual,2026-01-01,285740.22
TXN0002022,HC001,L04,Budget,2025-11-01,15.0
TXN0002023,EXP020,L04,Forecast,2025-03-01,39202.01
TXN0002024,EXP021,L02,Budget,2025-04-01,352424.85
TXN0002025,HC003,L08,Actual,2026-02-01,17.0
TXN0002026,EXP050,L10,Budget,2026-04-01,203214.61
TXN0002027,EXP052,L04,Forecast,2026-02-01,342498.05
TXN0002028,EXP003,L12,Actual,2026-04-01,100219.2
TXN0002029,EXP022,L04,Actual,2025-04-01,56452.66
TXN0002030,EXP050,L10,Budget,2026-03-01,363227.73
TXN0002031,EXP022,L04,Budget,2025-05-01,95215.67
TXN0002032,EXP024,L10,Forecast,2026-04-01,203662.48
TXN0002033,EXP022,L04,Actual,2025-09-01,63596.26
TXN0002034,EXP055,L06,Forecast,2025-02-01,305446.04
TXN0002035,EXP052,L04,Forecast,2026-03-01,65988.91
TXN0002036,EXP047,L07,Actual,2025-01-01,63096.3
TXN0002037,EXP051,L01,Actual,2026-02-01,303834.6
TXN0002038,EXP054,L07,Actual,2025-09-01,170294.9
TXN0002039,EXP030,L12,Actual,2025-05-01,16598.03
TXN0002040,REV005,L03,Actual,2025-04-01,73219.0
TXN0002041,EXP009,L04,Budget,2026-05-01,186610.42
TXN0002042,EXP024,L10,Actual,2025-09-01,302370.08
TXN0002043,EXP031,L10,Forecast,2025-08-01,193499.47
TXN0002044,EXP047,L07,Budget,2025-07-01,40885.65
TXN0002045,EXP021,L02,Actual,2025-08-01,212970.36
TXN0002046,EXP050,L10,Budget,2026-03-01,120009.73
TXN0002047,REV005,L03,Actual,2026-05-01,769674.73
TXN0002048,EXP046,L06,Actual,2025-06-01,154562.41
TXN0002049,EXP006,L08,Forecast,2025-06-01,134267.65
TXN0002050,EXP050,L10,Actual,2026-05-01,162325.0
TXN0002051,EXP005,L05,Actual,2025-06-01,222890.21
TXN0002052,EXP054,L07,Actual,2025-02-01,180580.56
TXN0002053,EXP028,L12,Actual,2025-05-01,6093.67
TXN0002054,EXP042,L12,Actual,2025-07-01,59239.1
TXN0002055,REV005,L03,Forecast,2025-07-01,851617.26
TXN0002056,EXP009,L04,Forecast,2026-06-01,386824.26
TXN0002057,EXP026,L04,Actual,2026-02-01,277268.16
TXN0002058,EXP023,L07,Forecast,2025-05-01,88719.47
TXN0002059,EXP034,L11,Actual,2026-05-01,334686.45
TXN0002060,EXP039,L07,Budget,2026-02-01,358576.49
TXN0002061,EXP045,L04,Budget,2025-09-01,207770.97
TXN0002062,EXP060,L07,Forecast,2026-01-01,237346.07
TXN0002063,EXP010,L07,Budget,2025-02-01,278180.84
TXN0002064,EXP050,L10,Actual,2025-08-01,105363.88
TXN0002065,EXP023,L07,Budget,2026-05-01,377548.92
TXN0002066,EXP039,L07,Budget,2026-04-01,81605.89
TXN0002067,EXP027,L02,Forecast,2025-03-01,382883.25
TXN0002068,EXP021,L02,Forecast,2026-03-01,172767.59
TXN0002069,HC002,L04,Budget,2025-11-01,13.0
TXN0002070,EXP044,L03,Forecast,2025-11-01,165774.57
TXN0002071,REV004,L01,Forecast,2026-04-01,475162.88
TXN0002072,EXP057,L08,Actual,2026-04-01,284850.62
TXN0002073,EXP023,L07,Actual,2025-06-01,175661.01
TXN0002074,REV005,L03,Forecast,2025-01-01,255054.05
TXN0002075,EXP051,L01,Forecast,2025-09-01,60570.71
TXN0002076,EXP007,L02,Actual,2025-07-01,344404.73
TXN0002077,EXP048,L04,Budget,2026-03-01,291999.8
TXN0002078,EXP007,L02,Budget,2025-06-01,71825.6
TXN0002079,EXP042,L12,Budget,2026-04-01,43108.4
TXN0002080,EXP049,L04,Budget,2026-03-01,332392.65
TXN0002081,EXP042,L12,Actual,2026-02-01,243485.42
TXN0002082,EXP032,L01,Budget,2026-02-01,67423.91
TXN0002083,EXP050,L10,Actual,2025-06-01,247481.66
TXN0002084,EXP035,L07,Actual,2025-04-01,117002.15
TXN0002085,EXP054,L07,Forecast,2026-01-01,231695.54
TXN0002086,EXP010,L07,Budget,2025-12-01,71937.13
TXN0002087,EXP002,L10,Actual,2025-01-01,84517.48
TXN0002088,EXP055,L06,Budget,2025-06-01,13776.01
TXN0002089,EXP007,L02,Forecast,2026-02-01,397970.92
TXN0002090,EXP037,L01,Forecast,2025-01-01,40070.83
TXN0002091,EXP057,L08,Actual,2025-06-01,272086.09
TXN0002092,HC003,L08,Actual,2025-03-01,4.0
TXN0002093,EXP028,L12,Forecast,2025-01-01,347603.91
TXN0002094,EXP029,L08,Actual,2025-01-01,368793.28
TXN0002095,EXP052,L04,Budget,2026-01-01,369692.66
TXN0002096,EXP029,L08,Budget,2025-11-01,274729.85
TXN0002097,REV003,L10,Actual,2025-07-01,227376.79
TXN0002098,EXP027,L02,Actual,2025-06-01,103014.46
TXN0002099,HC003,L08,Actual,2025-08-01,55.0
TXN0002100,EXP003,L12,Actual,2025-06-01,226154.16
TXN0002101,EXP051,L01,Actual,2026-02-01,391597.39
TXN0002102,EXP059,L07,Forecast,2025-01-01,216892.63
TXN0002103,EXP037,L01,Budget,2026-01-01,302980.37
TXN0002104,EXP021,L02,Actual,2025-02-01,64196.96
TXN0002105,EXP023,L07,Forecast,2026-06-01,131369.9
TXN0002106,EXP045,L04,Forecast,2025-08-01,295787.72
TXN0002107,EXP010,L07,Budget,2026-03-01,280884.31
TXN0002108,EXP049,L04,Actual,2025-06-01,217285.42
TXN0002109,EXP001,L02,Budget,2025-04-01,329254.09
TXN0002110,EXP010,L07,Actual,2025-02-01,120789.13
TXN0002111,EXP050,L10,Forecast,2026-02-01,25680.87
TXN0002112,EXP054,L07,Actual,2026-02-01,182119.87
TXN0002113,EXP042,L12,Actual,2025-06-01,182539.68
TXN0002114,EXP006,L08,Forecast,2025-10-01,143647.29
TXN0002115,EXP009,L04,Forecast,2026-04-01,107380.45
TXN0002116,EXP048,L04,Forecast,2025-12-01,11311.18
TXN0002117,EXP047,L07,Budget,2026-05-01,343946.67
TXN0002118,EXP028,L12,Actual,2025-01-01,168640.95
TXN0002119,EXP032,L01,Actual,2026-02-01,338902.04
TXN0002120,REV002,L09,Budget,2025-02-01,513794.25
TXN0002121,EXP043,L10,Forecast,2025-04-01,226887.81
TXN0002122,EXP054,L07,Budget,2025-02-01,68029.77
TXN0002123,EXP050,L10,Budget,2025-12-01,311098.54
TXN0002124,EXP020,L04,Budget,2025-02-01,113238.15
TXN0002125,EXP035,L07,Forecast,2025-02-01,234743.07
TXN0002126,EXP007,L02,Budget,2025-12-01,382933.13
TXN0002127,HC001,L04,Budget,2025-06-01,1.0
TXN0002128,EXP006,L08,Budget,2025-12-01,28759.79
TXN0002129,EXP005,L05,Actual,2025-11-01,138932.88
TXN0002130,REV004,L01,Budget,2025-08-01,890913.99
TXN0002131,EXP019,L03,Actual,2025-02-01,91962.46
TXN0002132,EXP026,L04,Forecast,2026-05-01,325637.43
TXN0002133,EXP052,L04,Forecast,2025-10-01,278666.76
TXN0002134,EXP009,L04,Forecast,2025-07-01,302511.1
TXN0002135,HC001,L04,Budget,2025-06-01,19.0
TXN0002136,EXP055,L06,Budget,2026-01-01,367816.3
TXN0002137,EXP038,L09,Actual,2025-05-01,4882.5
TXN0002138,EXP035,L07,Budget,2025-12-01,226603.6
TXN0002139,EXP048,L04,Forecast,2025-08-01,50734.64
TXN0002140,EXP054,L07,Actual,2025-09-01,38005.42
TXN0002141,EXP057,L08,Forecast,2025-02-01,178843.75
TXN0002142,EXP022,L04,Forecast,2026-01-01,126596.66
TXN0002143,EXP056,L07,Forecast,2025-05-01,380648.78
TXN0002144,EXP003,L12,Budget,2025-08-01,386858.38
TXN0002145,EXP026,L04,Budget,2025-03-01,193486.6
TXN0002146,EXP020,L04,Forecast,2025-12-01,112586.37
TXN0002147,REV005,L03,Budget,2026-01-01,204914.49
TXN0002148,EXP050,L10,Actual,2025-03-01,227410.17
TXN0002149,EXP058,L12,Actual,2025-11-01,249609.38
TXN0002150,EXP051,L01,Budget,2025-05-01,73962.96
TXN0002151,EXP029,L08,Budget,2025-08-01,41750.07
TXN0002152,EXP024,L10,Budget,2026-01-01,52987.32
TXN0002153,EXP028,L12,Actual,2026-04-01,128763.76
TXN0002154,EXP043,L10,Forecast,2026-01-01,102246.06
TXN0002155,EXP002,L10,Budget,2025-01-01,356361.78
TXN0002156,EXP028,L12,Budget,2026-03-01,323843.32
TXN0002157,EXP010,L07,Budget,2025-01-01,229290.59
TXN0002158,EXP006,L08,Forecast,2026-06-01,361149.53
TXN0002159,EXP021,L02,Budget,2025-09-01,26311.6
TXN0002160,EXP006,L08,Forecast,2025-04-01,26992.25
TXN0002161,EXP045,L04,Budget,2025-11-01,143141.04
TXN0002162,EXP021,L02,Budget,2025-09-01,85533.73
TXN0002163,EXP050,L10,Budget,2025-04-01,233590.9
TXN0002164,EXP002,L10,Actual,2025-08-01,267143.77
TXN0002165,REV004,L01,Forecast,2026-03-01,462347.29
TXN0002166,EXP038,L09,Actual,2025-05-01,105849.47
TXN0002167,EXP039,L07,Budget,2025-12-01,277584.81
TXN0002168,HC002,L04,Budget,2025-05-01,6.0
TXN0002169,EXP033,L05,Forecast,2025-08-01,283862.0
TXN0002170,HC002,L04,Forecast,2025-11-01,45.0
TXN0002171,EXP060,L07,Forecast,2025-04-01,237098.9
TXN0002172,EXP048,L04,Budget,2025-10-01,309120.99
TXN0002173,EXP031,L10,Actual,2025-02-01,173705.98
TXN0002174,EXP041,L06,Actual,2025-07-01,384733.68
TXN0002175,EXP057,L08,Budget,2025-06-01,236386.86
TXN0002176,EXP036,L06,Actual,2025-12-01,39919.45
TXN0002177,EXP056,L07,Forecast,2025-02-01,68039.8
TXN0002178,EXP030,L12,Forecast,2026-06-01,266873.84
TXN0002179,EXP028,L12,Actual,2025-02-01,353601.32
TXN0002180,EXP022,L04,Forecast,2026-05-01,314672.84
TXN0002181,EXP023,L07,Forecast,2026-05-01,213101.11
TXN0002182,EXP054,L07,Forecast,2026-06-01,70374.9
TXN0002183,EXP050,L10,Actual,2026-02-01,284819.38
TXN0002184,EXP031,L10,Budget,2026-01-01,315837.37
TXN0002185,REV002,L09,Forecast,2026-05-01,276206.67
TXN0002186,EXP031,L10,Budget,2025-06-01,146240.21
TXN0002187,EXP060,L07,Budget,2025-11-01,295371.3
TXN0002188,EXP001,L02,Forecast,2026-01-01,69171.66
TXN0002189,EXP006,L08,Budget,2025-06-01,348091.4
TXN0002190,REV001,L04,Budget,2026-06-01,205848.38
TXN0002191,EXP047,L07,Forecast,2026-01-01,68865.05
TXN0002192,EXP057,L08,Actual,2026-03-01,70497.13
TXN0002193,EXP027,L02,Budget,2025-09-01,352563.13
TXN0002194,EXP042,L12,Budget,2025-03-01,340730.5
TXN0002195,EXP006,L08,Budget,2025-08-01,368979.13
TXN0002196,EXP001,L02,Actual,2025-06-01,238420.62
TXN0002197,EXP051,L01,Budget,2026-02-01,158978.76
TXN0002198,EXP054,L07,Forecast,2026-03-01,17823.47
TXN0002199,EXP027,L02,Actual,2025-01-01,106385.93
TXN0002200,EXP054,L07,Actual,2025-02-01,385223.48
TXN0002201,EXP024,L10,Actual,2025-07-01,75674.4
TXN0002202,EXP031,L10,Actual,2025-02-01,9467.7
TXN0002203,EXP010,L07,Forecast,2025-03-01,21861.1
TXN0002204,EXP049,L04,Budget,2025-08-01,99752.91
TXN0002205,EXP049,L04,Budget,2026-06-01,248436.41
TXN0002206,EXP004,L10,Budget,2025-10-01,334868.86
TXN0002207,EXP001,L02,Budget,2025-08-01,154163.96
TXN0002208,REV001,L04,Forecast,2025-02-01,406891.22
TXN0002209,REV002,L09,Forecast,2025-05-01,442193.05
TXN0002210,EXP043,L10,Budget,2025-11-01,161189.75
TXN0002211,EXP026,L04,Budget,2026-02-01,332719.48
TXN0002212,REV004,L01,Actual,2026-02-01,789762.13
TXN0002213,EXP026,L04,Actual,2025-07-01,284067.19
TXN0002214,EXP046,L06,Actual,2025-01-01,7860.7
TXN0002215,EXP021,L02,Budget,2026-03-01,71038.73
TXN0002216,HC003,L08,Actual,2025-03-01,29.0
TXN0002217,EXP053,L08,Actual,2025-05-01,343241.1
TXN0002218,EXP044,L03,Budget,2025-07-01,393249.44
TXN0002219,EXP057,L08,Budget,2026-02-01,47637.15
TXN0002220,EXP042,L12,Forecast,2025-09-01,114679.49
TXN0002221,EXP001,L02,Actual,2025-10-01,56612.32
TXN0002222,EXP008,L02,Forecast,2025-04-01,156857.58
TXN0002223,HC003,L08,Actual,2025-04-01,59.0
TXN0002224,EXP048,L04,Budget,2026-03-01,73113.49
TXN0002225,EXP031,L10,Forecast,2026-01-01,210296.84
TXN0002226,EXP031,L10,Actual,2025-02-01,169951.96
TXN0002227,EXP045,L04,Budget,2025-09-01,242553.26
TXN0002228,EXP007,L02,Forecast,2025-02-01,327878.2
TXN0002229,EXP057,L08,Actual,2025-03-01,190405.82
TXN0002230,EXP055,L06,Actual,2025-04-01,205615.63
TXN0002231,EXP029,L08,Budget,2025-03-01,334685.59
TXN0002232,EXP032,L01,Forecast,2025-07-01,70629.34
TXN0002233,EXP045,L04,Budget,2025-02-01,353117.51
TXN0002234,EXP019,L03,Forecast,2025-08-01,179227.94
TXN0002235,HC003,L08,Actual,2025-03-01,50.0
TXN0002236,EXP032,L01,Budget,2025-08-01,108929.96
TXN0002237,EXP028,L12,Actual,2025-07-01,201391.3
TXN0002238,EXP025,L08,Forecast,2025-09-01,180556.83
TXN0002239,EXP049,L04,Budget,2025-06-01,144856.3
TXN0002240,EXP019,L03,Forecast,2025-12-01,298652.2
TXN0002241,EXP025,L08,Budget,2026-02-01,224645.94
TXN0002242,REV003,L10,Actual,2026-03-01,197013.11
TXN0002243,EXP034,L11,Actual,2025-09-01,27161.27
TXN0002244,REV001,L04,Budget,2025-11-01,243066.04
TXN0002245,EXP056,L07,Actual,2025-11-01,193720.1
TXN0002246,HC003,L08,Budget,2025-03-01,26.0
TXN0002247,EXP047,L07,Actual,2025-08-01,129872.26
TXN0002248,EXP038,L09,Forecast,2025-01-01,334421.17
TXN0002249,REV003,L10,Forecast,2025-08-01,455412.25
TXN0002250,REV005,L03,Actual,2026-02-01,92424.31
TXN0002251,EXP032,L01,Forecast,2026-02-01,295341.6
TXN0002252,EXP019,L03,Budget,2026-03-01,203065.15
TXN0002253,EXP059,L07,Forecast,2025-09-01,111771.33
TXN0002254,EXP030,L12,Budget,2026-01-01,291641.1
TXN0002255,EXP001,L02,Forecast,2026-03-01,337610.06
TXN0002256,EXP055,L06,Actual,2026-02-01,104050.07
TXN0002257,EXP027,L02,Actual,2025-05-01,272415.76
TXN0002258,EXP025,L08,Budget,2026-01-01,222274.17
TXN0002259,EXP052,L04,Budget,2025-12-01,264330.38
TXN0002260,EXP057,L08,Forecast,2025-03-01,208747.95
TXN0002261,EXP053,L08,Forecast,2025-02-01,375476.22
TXN0002262,EXP005,L05,Actual,2026-04-01,369952.12
TXN0002263,EXP006,L08,Forecast,2025-04-01,6415.0
TXN0002264,EXP034,L11,Actual,2025-11-01,18321.86
TXN0002265,EXP030,L12,Forecast,2026-06-01,155253.38
TXN0002266,EXP019,L03,Budget,2025-12-01,165935.18
TXN0002267,EXP057,L08,Actual,2025-02-01,136309.45
TXN0002268,REV003,L10,Budget,2025-08-01,427575.98
TXN0002269,EXP059,L07,Actual,2026-05-01,99767.56
TXN0002270,REV002,L09,Actual,2026-04-01,597920.3
TXN0002271,EXP043,L10,Budget,2025-01-01,327334.5
TXN0002272,EXP031,L10,Forecast,2025-04-01,220101.47
TXN0002273,EXP004,L10,Budget,2025-06-01,169410.62
TXN0002274,EXP057,L08,Actual,2025-09-01,310888.41
TXN0002275,EXP040,L10,Budget,2026-05-01,181944.54
TXN0002276,EXP042,L12,Forecast,2026-02-01,132980.54
TXN0002277,EXP033,L05,Actual,2025-02-01,156109.91
TXN0002278,EXP049,L04,Budget,2026-02-01,83331.43
TXN0002279,EXP044,L03,Budget,2026-05-01,278052.61
TXN0002280,EXP056,L07,Forecast,2026-04-01,394989.75
TXN0002281,REV002,L09,Forecast,2025-11-01,728996.97
TXN0002282,EXP041,L06,Actual,2025-01-01,337849.32
TXN0002283,EXP041,L06,Actual,2025-05-01,57321.57
TXN0002284,EXP003,L12,Forecast,2026-03-01,25355.72
TXN0002285,EXP042,L12,Forecast,2026-02-01,306467.71
TXN0002286,EXP049,L04,Budget,2026-06-01,345998.79
TXN0002287,EXP044,L03,Forecast,2026-03-01,13836.34
TXN0002288,EXP026,L04,Budget,2025-06-01,335896.49
TXN0002289,EXP049,L04,Budget,2026-01-01,305676.4
TXN0002290,EXP037,L01,Forecast,2025-01-01,190877.49
TXN0002291,EXP052,L04,Forecast,2025-06-01,307161.6
TXN0002292,EXP033,L05,Forecast,2025-03-01,269815.75
TXN0002293,EXP037,L01,Forecast,2025-06-01,197234.15
TXN0002294,EXP036,L06,Budget,2026-02-01,281566.31
TXN0002295,EXP057,L08,Budget,2025-08-01,186532.92
TXN0002296,EXP030,L12,Forecast,2025-01-01,214489.6
TXN0002297,EXP053,L08,Actual,2025-09-01,70303.04
TXN0002298,EXP038,L09,Actual,2025-06-01,14022.4
TXN0002299,EXP046,L06,Forecast,2026-06-01,275411.37
TXN0002300,EXP043,L10,Budget,2025-03-01,270479.58
TXN0002301,HC001,L04,Actual,2025-10-01,44.0
TXN0002302,EXP041,L06,Forecast,2025-01-01,46955.98
TXN0002303,EXP023,L07,Forecast,2026-02-01,180957.18
TXN0002304,EXP025,L08,Forecast,2025-06-01,27276.74
TXN0002305,EXP022,L04,Forecast,2026-03-01,77560.67
TXN0002306,EXP024,L10,Actual,2026-05-01,66637.62
TXN0002307,HC003,L08,Budget,2026-06-01,59.0
TXN0002308,EXP033,L05,Forecast,2025-09-01,264158.2
TXN0002309,HC001,L04,Budget,2025-05-01,51.0
TXN0002310,EXP056,L07,Forecast,2025-03-01,187431.55
TXN0002311,EXP035,L07,Budget,2026-02-01,189647.44
TXN0002312,EXP056,L07,Budget,2026-01-01,254339.04
TXN0002313,EXP042,L12,Actual,2025-08-01,271764.73
TXN0002314,EXP022,L04,Forecast,2026-05-01,232799.55
TXN0002315,EXP049,L04,Budget,2025-04-01,153086.24
TXN0002316,EXP055,L06,Actual,2025-05-01,360698.5
TXN0002317,EXP042,L12,Forecast,2025-03-01,132769.89
TXN0002318,EXP008,L02,Actual,2025-02-01,47546.18
TXN0002319,REV004,L01,Forecast,2025-05-01,400426.35
TXN0002320,EXP020,L04,Budget,2026-03-01,352174.53
TXN0002321,EXP009,L04,Budget,2026-05-01,252383.34
TXN0002322,REV003,L10,Forecast,2025-03-01,436122.36
TXN0002323,EXP026,L04,Budget,2026-05-01,67910.55
TXN0002324,EXP027,L02,Forecast,2025-06-01,261210.23
TXN0002325,EXP050,L10,Actual,2025-10-01,337294.03
TXN0002326,EXP021,L02,Budget,2025-01-01,184142.03
TXN0002327,EXP034,L11,Forecast,2025-11-01,380660.97
TXN0002328,EXP007,L02,Forecast,2026-03-01,253275.66
TXN0002329,EXP001,L02,Budget,2026-02-01,216855.09
TXN0002330,EXP028,L12,Forecast,2025-04-01,288254.47
TXN0002331,EXP057,L08,Actual,2025-04-01,70253.22
TXN0002332,EXP031,L10,Actual,2026-01-01,54707.82
TXN0002333,EXP036,L06,Budget,2026-05-01,55120.61
TXN0002334,REV002,L09,Budget,2025-04-01,437846.06
TXN0002335,EXP041,L06,Budget,2026-02-01,79458.1
TXN0002336,EXP058,L12,Actual,2025-09-01,109190.75
TXN0002337,EXP021,L02,Forecast,2026-01-01,252825.2
TXN0002338,EXP007,L02,Forecast,2025-09-01,134935.14
TXN0002339,EXP034,L11,Forecast,2026-04-01,360196.12
TXN0002340,EXP001,L02,Budget,2025-01-01,294842.31
TXN0002341,EXP019,L03,Forecast,2025-05-01,120706.12
TXN0002342,EXP043,L10,Actual,2025-07-01,164313.1
TXN0002343,REV002,L09,Forecast,2025-03-01,847969.76
TXN0002344,EXP005,L05,Budget,2026-03-01,146964.28
TXN0002345,REV001,L04,Budget,2026-06-01,823051.78
TXN0002346,EXP037,L01,Actual,2026-01-01,329521.39
TXN0002347,EXP060,L07,Forecast,2025-02-01,101470.38
TXN0002348,EXP025,L08,Forecast,2026-03-01,2306.13
TXN0002349,EXP059,L07,Actual,2025-08-01,151422.19
TXN0002350,EXP004,L10,Forecast,2025-10-01,18727.4
TXN0002351,EXP023,L07,Budget,2026-02-01,103825.19
TXN0002352,EXP049,L04,Budget,2026-06-01,326430.71
TXN0002353,EXP051,L01,Actual,2025-09-01,272508.53
TXN0002354,HC001,L04,Actual,2025-09-01,54.0
TXN0002355,EXP057,L08,Forecast,2026-06-01,60454.34
TXN0002356,EXP023,L07,Forecast,2026-03-01,399234.88
TXN0002357,HC001,L04,Forecast,2025-12-01,18.0
TXN0002358,EXP046,L06,Actual,2026-02-01,62603.52
TXN0002359,EXP008,L02,Budget,2025-08-01,172299.24
TXN0002360,EXP025,L08,Actual,2026-03-01,242518.97
TXN0002361,EXP040,L10,Forecast,2026-02-01,114914.12
TXN0002362,REV005,L03,Budget,2025-12-01,544255.3
TXN0002363,EXP037,L01,Actual,2025-06-01,55685.6
TXN0002364,REV004,L01,Actual,2025-06-01,564107.37
TXN0002365,EXP025,L08,Budget,2025-06-01,384575.91
TXN0002366,EXP037,L01,Forecast,2025-05-01,6409.69
TXN0002367,EXP027,L02,Actual,2025-03-01,386666.36
TXN0002368,EXP060,L07,Forecast,2026-02-01,72414.44
TXN0002369,EXP058,L12,Actual,2026-01-01,244888.58
TXN0002370,EXP038,L09,Forecast,2025-05-01,236019.11
TXN0002371,EXP048,L04,Forecast,2026-06-01,100683.44
TXN0002372,EXP021,L02,Forecast,2026-04-01,346334.2
TXN0002373,EXP026,L04,Forecast,2026-05-01,186668.54
TXN0002374,EXP032,L01,Actual,2025-06-01,150123.24
TXN0002375,EXP050,L10,Actual,2025-01-01,121840.94
TXN0002376,HC001,L04,Actual,2026-05-01,12.0
TXN0002377,REV004,L01,Forecast,2025-09-01,810930.88
TXN0002378,EXP053,L08,Budget,2025-04-01,132293.51
TXN0002379,EXP039,L07,Forecast,2025-07-01,390467.2
TXN0002380,EXP039,L07,Budget,2025-05-01,396434.77
TXN0002381,EXP026,L04,Budget,2025-01-01,3758.77
TXN0002382,REV005,L03,Actual,2025-10-01,92219.79
TXN0002383,EXP043,L10,Forecast,2026-03-01,372118.61
TXN0002384,EXP005,L05,Forecast,2025-03-01,382720.44
TXN0002385,EXP020,L04,Forecast,2025-08-01,341457.01
TXN0002386,EXP056,L07,Actual,2025-03-01,88655.41
TXN0002387,EXP003,L12,Budget,2025-07-01,207601.31
TXN0002388,EXP037,L01,Actual,2025-11-01,62617.69
TXN0002389,EXP041,L06,Forecast,2026-04-01,54693.31
TXN0002390,EXP038,L09,Forecast,2026-06-01,175041.94
TXN0002391,EXP021,L02,Forecast,2026-01-01,120254.83
TXN0002392,EXP048,L04,Forecast,2025-05-01,120146.89
TXN0002393,REV001,L04,Actual,2025-05-01,97269.52
TXN0002394,EXP007,L02,Budget,2025-11-01,332997.03
TXN0002395,REV002,L09,Forecast,2026-04-01,894327.26
TXN0002396,EXP028,L12,Forecast,2025-04-01,249709.33
TXN0002397,HC002,L04,Forecast,2026-01-01,9.0
TXN0002398,EXP059,L07,Forecast,2026-06-01,368644.36
TXN0002399,EXP053,L08,Budget,2025-12-01,162114.7
TXN0002400,EXP004,L10,Budget,2025-03-01,190595.51
TXN0002401,EXP024,L10,Budget,2025-01-01,180530.82
TXN0002402,EXP027,L02,Actual,2025-04-01,374706.02
TXN0002403,EXP028,L12,Forecast,2025-11-01,391311.96
TXN0002404,EXP005,L05,Forecast,2025-10-01,340130.5
TXN0002405,REV001,L04,Actual,2025-08-01,726092.29
TXN0002406,EXP020,L04,Actual,2025-09-01,49965.36
TXN0002407,EXP006,L08,Actual,2025-08-01,385817.33
TXN0002408,EXP043,L10,Budget,2026-04-01,264869.51
TXN0002409,EXP021,L02,Actual,2025-04-01,7067.63
TXN0002410,EXP032,L01,Actual,2026-04-01,80186.82
TXN0002411,EXP006,L08,Budget,2026-04-01,396250.58
TXN0002412,EXP023,L07,Budget,2025-08-01,168779.4
TXN0002413,EXP049,L04,Forecast,2025-06-01,386467.28
TXN0002414,EXP005,L05,Forecast,2025-11-01,333663.74
TXN0002415,EXP048,L04,Forecast,2025-03-01,237132.95
TXN0002416,EXP034,L11,Actual,2025-07-01,85566.95
TXN0002417,REV003,L10,Budget,2025-10-01,671998.04
TXN0002418,EXP052,L04,Actual,2025-10-01,111474.55
TXN0002419,EXP029,L08,Actual,2026-06-01,244355.62
TXN0002420,EXP050,L10,Actual,2026-04-01,173638.26
TXN0002421,EXP029,L08,Forecast,2026-06-01,167561.16
TXN0002422,EXP004,L10,Budget,2025-11-01,394605.14
TXN0002423,EXP060,L07,Budget,2026-04-01,166588.46
TXN0002424,REV005,L03,Forecast,2025-03-01,718463.46
TXN0002425,EXP041,L06,Budget,2026-06-01,341626.18
TXN0002426,EXP023,L07,Budget,2026-04-01,278640.45
TXN0002427,EXP043,L10,Budget,2026-06-01,238049.62
TXN0002428,EXP001,L02,Actual,2025-12-01,154643.61
TXN0002429,HC002,L04,Budget,2025-03-01,36.0
TXN0002430,EXP051,L01,Actual,2026-05-01,2579.34
TXN0002431,EXP023,L07,Forecast,2025-03-01,292110.06
TXN0002432,EXP052,L04,Budget,2025-11-01,358288.62
TXN0002433,EXP029,L08,Actual,2025-09-01,287888.67
TXN0002434,EXP040,L10,Actual,2025-12-01,101052.79
TXN0002435,EXP043,L10,Budget,2026-01-01,20662.62
TXN0002436,EXP032,L01,Actual,2025-01-01,22130.21
TXN0002437,REV001,L04,Forecast,2025-08-01,808421.61
TXN0002438,EXP052,L04,Budget,2025-10-01,128935.42
TXN0002439,EXP020,L04,Budget,2026-06-01,111963.99
TXN0002440,REV002,L09,Budget,2026-06-01,177169.62
TXN0002441,EXP001,L02,Forecast,2025-01-01,273027.1
TXN0002442,EXP038,L09,Actual,2026-01-01,308040.29
TXN0002443,EXP050,L10,Forecast,2025-02-01,96941.87
TXN0002444,EXP024,L10,Forecast,2026-06-01,160937.4
TXN0002445,HC003,L08,Forecast,2025-01-01,43.0
TXN0002446,EXP029,L08,Forecast,2026-06-01,6954.13
TXN0002447,EXP026,L04,Actual,2025-06-01,244016.04
TXN0002448,EXP022,L04,Budget,2026-01-01,114428.85
TXN0002449,EXP028,L12,Forecast,2025-07-01,347046.75
TXN0002450,EXP047,L07,Budget,2025-11-01,288891.52
TXN0002451,EXP004,L10,Budget,2025-02-01,373151.15
TXN0002452,EXP039,L07,Actual,2025-10-01,106931.55
TXN0002453,REV002,L09,Forecast,2026-05-01,815002.3
TXN0002454,EXP049,L04,Actual,2026-04-01,18943.46
TXN0002455,EXP047,L07,Forecast,2026-06-01,194221.24
TXN0002456,REV003,L10,Forecast,2025-06-01,84872.33
TXN0002457,EXP044,L03,Forecast,2025-04-01,240595.11
TXN0002458,EXP040,L10,Budget,2026-06-01,335960.08
TXN0002459,EXP053,L08,Forecast,2025-10-01,346529.78
TXN0002460,EXP001,L02,Budget,2025-07-01,272938.29
TXN0002461,EXP059,L07,Budget,2026-01-01,152671.78
TXN0002462,EXP002,L10,Actual,2026-06-01,111719.47
TXN0002463,EXP022,L04,Forecast,2025-02-01,138478.27
TXN0002464,EXP052,L04,Actual,2025-08-01,76215.35
TXN0002465,EXP003,L12,Budget,2026-01-01,14874.72
TXN0002466,EXP030,L12,Forecast,2025-06-01,60402.54
TXN0002467,EXP021,L02,Budget,2026-04-01,271891.98
TXN0002468,EXP031,L10,Actual,2025-09-01,146616.67
TXN0002469,HC003,L08,Actual,2026-04-01,47.0
TXN0002470,EXP045,L04,Budget,2026-06-01,272200.65
TXN0002471,EXP044,L03,Budget,2025-07-01,33811.45
TXN0002472,EXP049,L04,Budget,2025-10-01,157379.8
TXN0002473,REV005,L03,Forecast,2025-11-01,669815.47
TXN0002474,EXP037,L01,Actual,2026-02-01,350806.89
TXN0002475,EXP032,L01,Actual,2026-02-01,54643.67
TXN0002476,EXP027,L02,Budget,2025-08-01,132033.31
TXN0002477,EXP049,L04,Forecast,2026-01-01,369293.94
TXN0002478,EXP024,L10,Budget,2025-01-01,56871.42
TXN0002479,EXP025,L08,Budget,2026-06-01,121880.33
TXN0002480,EXP004,L10,Actual,2026-04-01,325555.9
TXN0002481,EXP059,L07,Actual,2025-01-01,88000.57
TXN0002482,EXP025,L08,Forecast,2026-01-01,21270.64
TXN0002483,EXP060,L07,Budget,2026-01-01,96128.61
TXN0002484,EXP026,L04,Actual,2025-08-01,174721.14
TXN0002485,REV001,L04,Actual,2025-02-01,159875.85
TXN0002486,EXP034,L11,Forecast,2025-03-01,259497.78
TXN0002487,EXP028,L12,Actual,2025-01-01,250290.03
TXN0002488,EXP038,L09,Budget,2025-01-01,344113.28
TXN0002489,EXP038,L09,Budget,2025-04-01,395397.77
TXN0002490,REV004,L01,Forecast,2025-08-01,593230.36
TXN0002491,EXP005,L05,Actual,2025-05-01,11275.58
TXN0002492,HC002,L04,Actual,2025-06-01,45.0
TXN0002493,EXP008,L02,Actual,2025-12-01,228232.63
TXN0002494,EXP045,L04,Forecast,2025-12-01,94043.56
TXN0002495,EXP003,L12,Forecast,2025-06-01,387731.97
TXN0002496,REV003,L10,Budget,2026-06-01,415825.55
TXN0002497,EXP004,L10,Actual,2025-12-01,367058.12
TXN0002498,EXP032,L01,Actual,2025-11-01,104600.25
TXN0002499,HC003,L08,Forecast,2025-05-01,3.0
TXN0002500,EXP021,L02,Actual,2026-06-01,385132.43
TXN0002501,EXP019,L03,Forecast,2025-10-01,370440.09
TXN0002502,EXP010,L07,Forecast,2025-03-01,51493.58
TXN0002503,REV002,L09,Forecast,2026-06-01,152659.27
TXN0002504,EXP036,L06,Forecast,2026-01-01,140448.59
TXN0002505,EXP023,L07,Forecast,2025-07-01,114790.63
TXN0002506,EXP054,L07,Actual,2025-11-01,160458.49
TXN0002507,EXP026,L04,Budget,2025-06-01,239652.95
TXN0002508,EXP044,L03,Actual,2025-05-01,51092.49
TXN0002509,EXP040,L10,Actual,2025-02-01,127329.14
TXN0002510,EXP027,L02,Actual,2025-01-01,95424.03
TXN0002511,EXP052,L04,Actual,2025-04-01,324722.31
TXN0002512,EXP054,L07,Budget,2025-10-01,217620.79
TXN0002513,REV002,L09,Actual,2025-01-01,301882.79
TXN0002514,EXP056,L07,Forecast,2025-05-01,303592.23
TXN0002515,EXP058,L12,Actual,2025-01-01,54170.57
TXN0002516,EXP023,L07,Budget,2025-12-01,202579.21
TXN0002517,REV002,L09,Budget,2025-12-01,861658.91
TXN0002518,EXP044,L03,Budget,2025-03-01,177605.19
TXN0002519,EXP044,L03,Forecast,2025-03-01,170417.86
TXN0002520,EXP052,L04,Budget,2025-11-01,170452.2
TXN0002521,EXP023,L07,Forecast,2026-03-01,229688.48
TXN0002522,EXP024,L10,Budget,2025-06-01,103752.7
TXN0002523,REV005,L03,Budget,2025-08-01,552121.02
TXN0002524,EXP020,L04,Actual,2025-09-01,24532.53
TXN0002525,EXP025,L08,Actual,2025-12-01,87090.07
TXN0002526,EXP044,L03,Actual,2026-03-01,234242.81
TXN0002527,EXP021,L02,Forecast,2026-03-01,50997.08
TXN0002528,EXP060,L07,Forecast,2025-03-01,303871.57
TXN0002529,EXP060,L07,Forecast,2026-06-01,160348.13
TXN0002530,EXP048,L04,Actual,2026-01-01,233133.11
TXN0002531,EXP028,L12,Actual,2026-01-01,354299.53
TXN0002532,EXP036,L06,Budget,2025-07-01,352680.5
TXN0002533,EXP046,L06,Forecast,2026-04-01,107009.58
TXN0002534,EXP043,L10,Forecast,2026-03-01,159603.25
TXN0002535,REV001,L04,Actual,2026-03-01,91799.62
TXN0002536,EXP007,L02,Budget,2026-04-01,339330.86
TXN0002537,EXP052,L04,Forecast,2025-03-01,217740.23
TXN0002538,HC001,L04,Budget,2025-04-01,37.0
TXN0002539,EXP007,L02,Budget,2025-01-01,242181.06
TXN0002540,EXP028,L12,Actual,2025-08-01,88371.52
TXN0002541,EXP055,L06,Budget,2026-04-01,86655.17
TXN0002542,EXP044,L03,Budget,2025-07-01,227077.92
TXN0002543,EXP056,L07,Actual,2025-10-01,105112.35
TXN0002544,EXP007,L02,Forecast,2025-05-01,130219.69
TXN0002545,EXP049,L04,Budget,2026-01-01,374038.99
TXN0002546,EXP058,L12,Actual,2026-01-01,247689.98
TXN0002547,EXP038,L09,Forecast,2025-06-01,104798.35
TXN0002548,EXP029,L08,Actual,2025-08-01,249535.89
TXN0002549,EXP046,L06,Budget,2025-08-01,288930.16
TXN0002550,EXP056,L07,Actual,2025-05-01,20600.17
TXN0002551,HC001,L04,Forecast,2025-06-01,2.0
TXN0002552,EXP037,L01,Budget,2025-09-01,276118.46
TXN0002553,REV001,L04,Budget,2026-02-01,574320.24
TXN0002554,EXP010,L07,Budget,2026-05-01,113002.32
TXN0002555,EXP004,L10,Budget,2025-10-01,198868.32
TXN0002556,REV005,L03,Forecast,2026-05-01,176948.18
TXN0002557,EXP039,L07,Budget,2026-04-01,133896.97
TXN0002558,EXP021,L02,Budget,2025-11-01,337410.97
TXN0002559,EXP045,L04,Actual,2025-05-01,358886.26
TXN0002560,REV004,L01,Actual,2025-11-01,420954.88
TXN0002561,EXP045,L04,Forecast,2025-03-01,82292.32
TXN0002562,EXP010,L07,Budget,2025-01-01,3504.51
TXN0002563,EXP054,L07,Actual,2025-10-01,393903.17
TXN0002564,EXP009,L04,Forecast,2025-05-01,75353.41
TXN0002565,EXP049,L04,Actual,2025-05-01,365617.16
TXN0002566,EXP032,L01,Actual,2026-03-01,187811.13
TXN0002567,EXP009,L04,Budget,2026-02-01,354907.72
TXN0002568,EXP033,L05,Forecast,2025-02-01,382066.77
TXN0002569,EXP026,L04,Actual,2026-04-01,13254.31
TXN0002570,EXP052,L04,Actual,2025-01-01,84519.48
TXN0002571,EXP024,L10,Budget,2025-08-01,152623.95
TXN0002572,REV003,L10,Actual,2025-11-01,194045.86
TXN0002573,EXP033,L05,Actual,2025-05-01,252809.45
TXN0002574,EXP001,L02,Forecast,2025-02-01,256844.65
TXN0002575,EXP051,L01,Forecast,2025-10-01,291713.98
TXN0002576,EXP004,L10,Actual,2025-09-01,9364.05
TXN0002577,EXP042,L12,Actual,2026-04-01,313037.49
TXN0002578,EXP024,L10,Forecast,2025-06-01,172355.0
TXN0002579,EXP027,L02,Budget,2025-12-01,228531.51
TXN0002580,REV001,L04,Actual,2025-06-01,61724.39
TXN0002581,REV003,L10,Budget,2026-01-01,212273.73
TXN0002582,EXP033,L05,Forecast,2025-12-01,254448.51
TXN0002583,EXP051,L01,Actual,2025-09-01,378453.98
TXN0002584,EXP047,L07,Budget,2025-10-01,230323.29
TXN0002585,HC003,L08,Actual,2026-04-01,42.0
TXN0002586,EXP038,L09,Budget,2025-04-01,210042.01
TXN0002587,EXP009,L04,Forecast,2026-04-01,299927.52
TXN0002588,EXP054,L07,Forecast,2025-09-01,337161.19
TXN0002589,EXP039,L07,Budget,2025-09-01,240299.35
TXN0002590,EXP046,L06,Forecast,2026-02-01,15683.92
TXN0002591,EXP048,L04,Forecast,2025-11-01,325919.31
TXN0002592,REV001,L04,Actual,2025-07-01,171484.08
TXN0002593,EXP027,L02,Actual,2025-10-01,88158.34
TXN0002594,EXP004,L10,Forecast,2025-08-01,390193.15
TXN0002595,HC002,L04,Actual,2025-04-01,9.0
TXN0002596,EXP002,L10,Budget,2026-06-01,235118.08
TXN0002597,EXP060,L07,Forecast,2025-03-01,264892.09
TXN0002598,EXP059,L07,Budget,2025-11-01,247135.3
TXN0002599,EXP036,L06,Actual,2025-08-01,102088.18
TXN0002600,REV001,L04,Forecast,2025-03-01,205084.62
TXN0002601,EXP029,L08,Actual,2025-06-01,56713.33
TXN0002602,EXP008,L02,Forecast,2026-05-01,281873.21
TXN0002603,EXP020,L04,Actual,2025-10-01,70704.75
TXN0002604,EXP057,L08,Forecast,2025-06-01,137721.16
TXN0002605,EXP046,L06,Actual,2026-05-01,279041.15
TXN0002606,REV005,L03,Forecast,2026-05-01,497402.17
TXN0002607,EXP059,L07,Budget,2025-07-01,181199.99
TXN0002608,EXP042,L12,Forecast,2026-04-01,25007.81
TXN0002609,EXP043,L10,Forecast,2025-10-01,28822.23
TXN0002610,EXP034,L11,Budget,2026-01-01,279616.33
TXN0002611,EXP047,L07,Budget,2025-09-01,231062.75
TXN0002612,EXP024,L10,Actual,2025-10-01,188080.37
TXN0002613,EXP037,L01,Forecast,2026-06-01,389041.68
TXN0002614,HC003,L08,Actual,2025-01-01,49.0
TXN0002615,EXP044,L03,Actual,2026-05-01,172495.77
TXN0002616,EXP029,L08,Forecast,2025-09-01,227812.87
TXN0002617,EXP051,L01,Actual,2025-07-01,353670.43
TXN0002618,EXP035,L07,Budget,2025-01-01,342813.78
TXN0002619,EXP055,L06,Actual,2025-05-01,82129.58
TXN0002620,EXP052,L04,Budget,2025-02-01,336085.46
TXN0002621,REV004,L01,Forecast,2025-05-01,404603.71
TXN0002622,EXP025,L08,Actual,2025-05-01,4948.79
TXN0002623,EXP027,L02,Actual,2025-12-01,360545.61
TXN0002624,EXP047,L07,Actual,2026-05-01,163728.11
TXN0002625,HC003,L08,Actual,2026-04-01,43.0
TXN0002626,EXP060,L07,Forecast,2026-01-01,130344.53
TXN0002627,EXP049,L04,Actual,2026-04-01,142121.9
TXN0002628,EXP007,L02,Actual,2026-04-01,173519.45
TXN0002629,REV001,L04,Budget,2025-02-01,378452.6
TXN0002630,EXP029,L08,Actual,2026-05-01,315184.81
TXN0002631,EXP027,L02,Forecast,2025-05-01,117885.72
TXN0002632,REV004,L01,Actual,2025-03-01,402514.71
TXN0002633,EXP023,L07,Actual,2025-11-01,44391.53
TXN0002634,EXP007,L02,Actual,2025-10-01,105484.82
TXN0002635,EXP050,L10,Forecast,2026-04-01,373315.44
TXN0002636,REV001,L04,Budget,2025-07-01,221352.28
TXN0002637,EXP027,L02,Forecast,2026-02-01,8761.45
TXN0002638,EXP050,L10,Budget,2025-11-01,328591.73
TXN0002639,EXP056,L07,Budget,2025-03-01,182148.85
TXN0002640,HC001,L04,Actual,2025-07-01,3.0
TXN0002641,EXP057,L08,Forecast,2025-10-01,324336.34
TXN0002642,HC003,L08,Budget,2025-07-01,33.0
TXN0002643,EXP042,L12,Actual,2025-02-01,70996.67
TXN0002644,EXP052,L04,Forecast,2025-11-01,293066.16
TXN0002645,EXP035,L07,Forecast,2026-06-01,90888.86
TXN0002646,EXP039,L07,Actual,2025-03-01,86611.28
TXN0002647,EXP043,L10,Forecast,2025-01-01,234384.95
TXN0002648,EXP028,L12,Forecast,2025-03-01,329821.66
TXN0002649,EXP031,L10,Forecast,2026-04-01,347466.62
TXN0002650,EXP059,L07,Forecast,2026-04-01,55701.93
TXN0002651,HC003,L08,Actual,2025-05-01,36.0
TXN0002652,HC003,L08,Budget,2025-07-01,24.0
TXN0002653,EXP025,L08,Forecast,2025-09-01,211597.45
TXN0002654,EXP020,L04,Actual,2025-02-01,186687.4
TXN0002655,EXP023,L07,Actual,2026-04-01,121063.74
TXN0002656,EXP033,L05,Budget,2025-11-01,200309.61
TXN0002657,EXP041,L06,Budget,2025-09-01,271378.57
TXN0002658,EXP057,L08,Actual,2026-06-01,19972.64
TXN0002659,EXP043,L10,Actual,2025-01-01,69097.14
TXN0002660,EXP040,L10,Actual,2025-09-01,60561.27
TXN0002661,EXP056,L07,Budget,2025-08-01,387839.87
TXN0002662,EXP023,L07,Forecast,2025-05-01,134185.17
TXN0002663,HC003,L08,Forecast,2025-01-01,30.0
TXN0002664,EXP008,L02,Actual,2025-05-01,18265.87
TXN0002665,EXP002,L10,Forecast,2026-03-01,266665.18
TXN0002666,EXP031,L10,Actual,2026-06-01,175840.98
TXN0002667,EXP024,L10,Forecast,2025-12-01,382355.67
TXN0002668,EXP003,L12,Forecast,2025-10-01,28544.09
TXN0002669,EXP058,L12,Actual,2025-09-01,397385.07
TXN0002670,EXP044,L03,Forecast,2025-06-01,82183.7
TXN0002671,EXP033,L05,Forecast,2025-05-01,335961.43
TXN0002672,EXP021,L02,Forecast,2026-05-01,349769.19
TXN0002673,EXP045,L04,Forecast,2025-09-01,44196.43
TXN0002674,EXP027,L02,Budget,2025-08-01,259387.73
TXN0002675,EXP010,L07,Budget,2026-02-01,14388.93
TXN0002676,EXP042,L12,Actual,2026-06-01,151944.06
TXN0002677,EXP040,L10,Actual,2025-06-01,184780.15
TXN0002678,EXP054,L07,Actual,2025-10-01,371380.53
TXN0002679,EXP009,L04,Budget,2026-03-01,78602.98
TXN0002680,REV001,L04,Actual,2026-01-01,204524.31
TXN0002681,EXP038,L09,Budget,2025-03-01,149869.13
TXN0002682,EXP052,L04,Forecast,2025-03-01,188558.14
TXN0002683,EXP033,L05,Budget,2025-10-01,312017.88
TXN0002684,EXP057,L08,Actual,2025-12-01,329037.52
TXN0002685,EXP037,L01,Actual,2026-02-01,249897.3
TXN0002686,EXP038,L09,Budget,2026-02-01,371284.72
TXN0002687,HC001,L04,Budget,2026-03-01,47.0
TXN0002688,EXP005,L05,Budget,2026-04-01,49380.75
TXN0002689,EXP040,L10,Forecast,2025-01-01,392317.02
TXN0002690,EXP057,L08,Budget,2025-08-01,189667.49
TXN0002691,EXP053,L08,Forecast,2025-02-01,16292.8
TXN0002692,EXP053,L08,Actual,2025-11-01,329920.98
TXN0002693,EXP056,L07,Forecast,2026-06-01,251819.58
TXN0002694,EXP029,L08,Budget,2026-06-01,113666.05
TXN0002695,EXP030,L12,Actual,2025-11-01,281900.24
TXN0002696,REV005,L03,Forecast,2026-03-01,407611.38
TXN0002697,EXP021,L02,Actual,2025-07-01,238152.67
TXN0002698,REV005,L03,Forecast,2026-06-01,580667.95
TXN0002699,REV003,L10,Actual,2025-07-01,443353.57
TXN0002700,REV005,L03,Actual,2025-03-01,322344.76
TXN0002701,EXP039,L07,Budget,2026-06-01,233250.29
TXN0002702,EXP024,L10,Forecast,2026-01-01,68724.01
TXN0002703,EXP053,L08,Forecast,2025-07-01,203200.13
TXN0002704,EXP036,L06,Forecast,2026-03-01,165587.92
TXN0002705,EXP034,L11,Budget,2025-05-01,383874.96
TXN0002706,EXP044,L03,Actual,2026-01-01,33550.88
TXN0002707,HC001,L04,Forecast,2026-01-01,44.0
TXN0002708,EXP002,L10,Budget,2025-04-01,374390.36
TXN0002709,EXP051,L01,Forecast,2025-01-01,253549.87
TXN0002710,EXP022,L04,Forecast,2025-03-01,219778.45
TXN0002711,EXP052,L04,Forecast,2025-04-01,63565.15
TXN0002712,EXP037,L01,Forecast,2026-06-01,210151.91
TXN0002713,EXP025,L08,Forecast,2025-04-01,205275.94
TXN0002714,EXP004,L10,Budget,2026-04-01,4803.05
TXN0002715,EXP026,L04,Actual,2025-02-01,349484.38
TXN0002716,REV004,L01,Actual,2025-05-01,236529.16
TXN0002717,EXP050,L10,Budget,2026-06-01,59303.45
TXN0002718,EXP036,L06,Forecast,2025-08-01,91113.67
TXN0002719,EXP058,L12,Forecast,2026-05-01,265775.94
TXN0002720,EXP055,L06,Actual,2025-10-01,243773.83
TXN0002721,EXP030,L12,Budget,2025-08-01,286111.55
TXN0002722,REV003,L10,Actual,2026-04-01,328718.09
TXN0002723,EXP033,L05,Forecast,2026-02-01,345176.38
TXN0002724,EXP051,L01,Forecast,2025-08-01,398624.4
TXN0002725,EXP008,L02,Actual,2025-12-01,276825.77
TXN0002726,REV001,L04,Actual,2026-03-01,250706.79
TXN0002727,EXP002,L10,Budget,2025-07-01,41859.72
TXN0002728,EXP022,L04,Actual,2025-02-01,273175.53
TXN0002729,EXP050,L10,Actual,2026-03-01,271095.42
TXN0002730,REV003,L10,Actual,2025-05-01,597151.34
TXN0002731,EXP034,L11,Actual,2025-08-01,207598.16
TXN0002732,EXP046,L06,Actual,2025-09-01,19795.57
TXN0002733,EXP024,L10,Forecast,2026-06-01,85276.16
TXN0002734,REV005,L03,Actual,2025-03-01,312283.46
TXN0002735,EXP031,L10,Budget,2025-04-01,301512.01
TXN0002736,EXP060,L07,Budget,2025-11-01,340631.04
TXN0002737,EXP008,L02,Actual,2026-06-01,396211.11
TXN0002738,EXP003,L12,Actual,2026-01-01,328015.93
TXN0002739,EXP050,L10,Forecast,2025-03-01,297974.52
TXN0002740,EXP038,L09,Forecast,2026-03-01,351579.89
TXN0002741,EXP029,L08,Forecast,2026-03-01,216015.28
TXN0002742,EXP056,L07,Budget,2025-08-01,256246.21
TXN0002743,EXP020,L04,Forecast,2025-09-01,144149.88
TXN0002744,EXP033,L05,Actual,2025-09-01,165981.46
TXN0002745,EXP031,L10,Forecast,2025-10-01,11846.41
TXN0002746,EXP049,L04,Budget,2026-02-01,290800.43
TXN0002747,EXP028,L12,Actual,2025-01-01,28424.67
TXN0002748,EXP009,L04,Budget,2025-11-01,192946.8
TXN0002749,EXP049,L04,Actual,2026-05-01,265438.26
TXN0002750,EXP056,L07,Budget,2025-12-01,233752.28
TXN0002751,EXP032,L01,Actual,2026-03-01,283154.55
TXN0002752,EXP006,L08,Forecast,2025-05-01,265693.46
TXN0002753,EXP010,L07,Budget,2026-05-01,158614.12
TXN0002754,EXP036,L06,Forecast,2025-07-01,284846.81
TXN0002755,EXP004,L10,Forecast,2025-03-01,133907.84
TXN0002756,EXP024,L10,Forecast,2025-10-01,257728.12
TXN0002757,EXP053,L08,Budget,2025-08-01,71670.04
TXN0002758,EXP001,L02,Actual,2025-12-01,29451.08
TXN0002759,EXP023,L07,Forecast,2025-09-01,215942.58
TXN0002760,EXP038,L09,Actual,2026-01-01,11538.46
TXN0002761,EXP030,L12,Budget,2025-10-01,118071.51
TXN0002762,EXP025,L08,Actual,2025-09-01,156732.93
TXN0002763,EXP047,L07,Budget,2025-12-01,297718.17
TXN0002764,EXP037,L01,Actual,2026-06-01,114807.31
TXN0002765,EXP001,L02,Forecast,2026-04-01,108558.44
TXN0002766,EXP060,L07,Forecast,2025-04-01,171028.52
TXN0002767,EXP029,L08,Budget,2025-11-01,7224.92
TXN0002768,EXP006,L08,Budget,2025-03-01,206420.87
TXN0002769,EXP002,L10,Actual,2026-06-01,30578.5
TXN0002770,EXP054,L07,Actual,2025-04-01,92714.78
TXN0002771,EXP049,L04,Actual,2025-09-01,267723.24
TXN0002772,EXP025,L08,Forecast,2025-02-01,282682.89
TXN0002773,HC002,L04,Forecast,2025-07-01,45.0
TXN0002774,EXP032,L01,Actual,2025-10-01,12280.52
TXN0002775,EXP004,L10,Forecast,2025-05-01,215333.79
TXN0002776,EXP019,L03,Forecast,2025-08-01,388495.19
TXN0002777,EXP050,L10,Budget,2025-05-01,171051.45
TXN0002778,EXP055,L06,Forecast,2025-12-01,387759.28
TXN0002779,EXP048,L04,Budget,2026-01-01,283417.91
TXN0002780,EXP007,L02,Budget,2026-06-01,356495.3
TXN0002781,EXP027,L02,Actual,2026-03-01,184952.52
TXN0002782,EXP039,L07,Forecast,2026-01-01,395999.18
TXN0002783,EXP027,L02,Actual,2025-03-01,2595.27
TXN0002784,EXP021,L02,Forecast,2026-01-01,366277.7
TXN0002785,HC003,L08,Budget,2025-02-01,9.0
TXN0002786,EXP051,L01,Budget,2025-05-01,272659.65
TXN0002787,EXP010,L07,Actual,2026-06-01,17767.9
TXN0002788,EXP058,L12,Budget,2026-03-01,388835.81
TXN0002789,EXP036,L06,Budget,2026-02-01,196312.41
TXN0002790,EXP040,L10,Forecast,2025-01-01,39327.36
TXN0002791,EXP056,L07,Actual,2025-03-01,132304.34
TXN0002792,EXP041,L06,Actual,2025-09-01,326072.48
TXN0002793,EXP003,L12,Actual,2025-10-01,12706.91
TXN0002794,EXP006,L08,Budget,2025-08-01,311191.9
TXN0002795,EXP023,L07,Budget,2026-03-01,123010.09
TXN0002796,EXP026,L04,Actual,2026-02-01,352909.47
TXN0002797,EXP004,L10,Actual,2025-02-01,45797.38
TXN0002798,EXP025,L08,Budget,2026-04-01,301139.95
TXN0002799,EXP025,L08,Budget,2025-03-01,227909.44
TXN0002800,EXP051,L01,Actual,2026-01-01,357663.9
TXN0002801,EXP041,L06,Actual,2025-12-01,233893.84
TXN0002802,EXP006,L08,Forecast,2025-06-01,195415.11
TXN0002803,EXP029,L08,Actual,2025-09-01,325133.34
TXN0002804,EXP020,L04,Forecast,2025-02-01,12477.67
TXN0002805,EXP060,L07,Forecast,2025-11-01,2987.1
TXN0002806,EXP007,L02,Forecast,2025-11-01,138623.48
TXN0002807,EXP047,L07,Forecast,2025-07-01,333033.91
TXN0002808,EXP051,L01,Actual,2025-10-01,370293.12
TXN0002809,HC002,L04,Forecast,2026-01-01,31.0
TXN0002810,EXP005,L05,Budget,2026-06-01,364420.78
TXN0002811,EXP010,L07,Forecast,2025-01-01,121674.64
TXN0002812,EXP049,L04,Budget,2025-08-01,28309.66
TXN0002813,EXP060,L07,Actual,2025-09-01,152432.28
TXN0002814,EXP048,L04,Forecast,2025-03-01,150768.96
TXN0002815,EXP031,L10,Actual,2025-07-01,61229.13
TXN0002816,EXP001,L02,Budget,2025-09-01,279279.55
TXN0002817,EXP038,L09,Actual,2026-05-01,207789.33
TXN0002818,EXP038,L09,Actual,2025-07-01,27284.01
TXN0002819,EXP056,L07,Forecast,2025-01-01,117226.27
TXN0002820,EXP038,L09,Actual,2025-10-01,99056.37
TXN0002821,EXP032,L01,Forecast,2026-02-01,171120.5
TXN0002822,EXP033,L05,Budget,2025-02-01,279949.3
TXN0002823,EXP052,L04,Actual,2026-05-01,22536.12
TXN0002824,EXP002,L10,Forecast,2026-06-01,193208.46
TXN0002825,HC001,L04,Budget,2025-10-01,14.0
TXN0002826,EXP038,L09,Budget,2025-11-01,38655.49
TXN0002827,REV005,L03,Actual,2025-08-01,418164.03
TXN0002828,EXP035,L07,Actual,2025-06-01,253260.32
TXN0002829,EXP052,L04,Budget,2026-04-01,319775.86
TXN0002830,REV005,L03,Forecast,2026-03-01,132720.14
TXN0002831,EXP040,L10,Forecast,2026-01-01,253083.0
TXN0002832,EXP021,L02,Actual,2025-10-01,53291.82
TXN0002833,EXP049,L04,Actual,2025-02-01,163805.37
TXN0002834,EXP036,L06,Forecast,2025-01-01,58829.59
TXN0002835,EXP028,L12,Forecast,2025-07-01,99267.67
TXN0002836,EXP052,L04,Forecast,2025-03-01,150170.52
TXN0002837,HC002,L04,Budget,2025-07-01,1.0
TXN0002838,EXP026,L04,Budget,2025-02-01,75505.1
TXN0002839,REV004,L01,Budget,2026-05-01,416976.63
TXN0002840,EXP022,L04,Forecast,2025-11-01,364161.54
TXN0002841,REV002,L09,Forecast,2025-11-01,828185.58
TXN0002842,EXP004,L10,Budget,2025-10-01,296878.38
TXN0002843,EXP002,L10,Actual,2025-05-01,12868.78
TXN0002844,EXP027,L02,Actual,2025-02-01,43032.52
TXN0002845,REV005,L03,Actual,2025-11-01,677755.04
TXN0002846,EXP037,L01,Budget,2025-01-01,39988.49
TXN0002847,EXP056,L07,Actual,2026-02-01,357348.91
TXN0002848,EXP009,L04,Forecast,2026-05-01,57978.51
TXN0002849,EXP004,L10,Budget,2025-09-01,16868.59
TXN0002850,EXP021,L02,Budget,2025-05-01,75307.31
TXN0002851,EXP007,L02,Budget,2025-12-01,152356.73
TXN0002852,EXP042,L12,Budget,2025-04-01,384430.36
TXN0002853,EXP048,L04,Forecast,2025-02-01,340433.88
TXN0002854,EXP003,L12,Budget,2025-09-01,214605.66
TXN0002855,EXP009,L04,Budget,2025-04-01,78592.35
TXN0002856,EXP042,L12,Budget,2025-12-01,74251.11
TXN0002857,EXP025,L08,Budget,2025-07-01,65012.9
TXN0002858,EXP047,L07,Forecast,2025-09-01,135542.96
TXN0002859,EXP056,L07,Actual,2025-10-01,134636.11
TXN0002860,EXP009,L04,Actual,2025-06-01,201237.73
TXN0002861,EXP020,L04,Actual,2026-03-01,172422.32
TXN0002862,REV001,L04,Budget,2025-09-01,546102.36
TXN0002863,EXP028,L12,Actual,2025-07-01,108513.83
TXN0002864,EXP048,L04,Budget,2025-12-01,100511.85
TXN0002865,EXP049,L04,Actual,2026-04-01,250790.75
TXN0002866,EXP056,L07,Budget,2025-09-01,265424.66
TXN0002867,EXP036,L06,Forecast,2025-12-01,72584.08
TXN0002868,EXP031,L10,Budget,2025-12-01,163096.81
TXN0002869,EXP050,L10,Budget,2025-11-01,275966.43
TXN0002870,EXP025,L08,Actual,2025-12-01,326001.5
TXN0002871,EXP037,L01,Budget,2025-09-01,196194.27
TXN0002872,EXP058,L12,Actual,2025-06-01,149153.31
TXN0002873,HC001,L04,Forecast,2026-05-01,4.0
TXN0002874,EXP040,L10,Actual,2026-02-01,121458.23
TXN0002875,HC003,L08,Actual,2025-12-01,15.0
TXN0002876,HC001,L04,Actual,2025-12-01,11.0
TXN0002877,EXP019,L03,Actual,2025-09-01,369673.97
TXN0002878,EXP026,L04,Actual,2025-11-01,267435.49
TXN0002879,EXP022,L04,Budget,2026-06-01,233062.97
TXN0002880,EXP045,L04,Forecast,2026-02-01,52658.16
TXN0002881,EXP041,L06,Forecast,2026-06-01,355514.13
TXN0002882,EXP048,L04,Budget,2025-05-01,117275.17
TXN0002883,EXP057,L08,Forecast,2026-01-01,198553.95
TXN0002884,EXP038,L09,Budget,2025-10-01,43096.59
TXN0002885,EXP031,L10,Budget,2025-06-01,257099.55
TXN0002886,EXP056,L07,Forecast,2026-02-01,380459.04
TXN0002887,EXP048,L04,Forecast,2026-06-01,372625.65
TXN0002888,EXP021,L02,Actual,2025-07-01,376194.09
TXN0002889,EXP019,L03,Actual,2026-06-01,132752.4
TXN0002890,EXP048,L04,Actual,2025-08-01,268164.84
TXN0002891,REV002,L09,Actual,2025-04-01,384301.92
TXN0002892,EXP035,L07,Budget,2025-10-01,227071.69
TXN0002893,EXP038,L09,Forecast,2025-08-01,247132.62
TXN0002894,EXP049,L04,Forecast,2025-03-01,167281.66
TXN0002895,EXP023,L07,Budget,2026-05-01,35154.36
TXN0002896,EXP026,L04,Forecast,2025-07-01,278466.01
TXN0002897,EXP001,L02,Budget,2025-08-01,11202.33
TXN0002898,EXP052,L04,Budget,2026-04-01,54057.89
TXN0002899,REV004,L01,Actual,2025-06-01,708763.21
TXN0002900,EXP050,L10,Budget,2025-04-01,111000.13
TXN0002901,EXP040,L10,Actual,2026-04-01,383652.49
TXN0002902,EXP058,L12,Forecast,2025-01-01,223260.92
TXN0002903,EXP004,L10,Actual,2025-09-01,230388.65
TXN0002904,EXP003,L12,Budget,2025-04-01,391660.2
TXN0002905,EXP026,L04,Budget,2025-10-01,313632.9
TXN0002906,EXP029,L08,Actual,2025-06-01,130679.26
TXN0002907,HC003,L08,Budget,2025-06-01,25.0
TXN0002908,EXP054,L07,Forecast,2025-10-01,139100.12
TXN0002909,EXP026,L04,Budget,2025-07-01,239943.47
TXN0002910,EXP030,L12,Budget,2025-10-01,6516.57
TXN0002911,EXP026,L04,Forecast,2025-09-01,203239.59
TXN0002912,EXP043,L10,Budget,2025-04-01,74245.78
TXN0002913,EXP027,L02,Forecast,2026-01-01,288004.9
TXN0002914,EXP037,L01,Actual,2025-03-01,248927.91
TXN0002915,EXP029,L08,Forecast,2025-01-01,165854.18
TXN0002916,EXP057,L08,Forecast,2025-08-01,88943.43
TXN0002917,EXP010,L07,Forecast,2025-04-01,15078.87
TXN0002918,EXP025,L08,Budget,2025-06-01,141261.93
TXN0002919,EXP050,L10,Forecast,2025-01-01,47208.25
TXN0002920,EXP050,L10,Forecast,2025-08-01,227939.22
TXN0002921,HC003,L08,Forecast,2025-02-01,49.0
TXN0002922,EXP049,L04,Budget,2025-07-01,92115.72
TXN0002923,HC003,L08,Actual,2025-07-01,31.0
TXN0002924,EXP059,L07,Forecast,2026-02-01,333625.84
TXN0002925,EXP043,L10,Budget,2025-09-01,214324.68
TXN0002926,EXP002,L10,Actual,2025-02-01,330558.79
TXN0002927,EXP035,L07,Forecast,2025-09-01,37267.14
TXN0002928,REV004,L01,Budget,2026-02-01,469580.23
TXN0002929,EXP009,L04,Budget,2025-03-01,397602.25
TXN0002930,EXP059,L07,Forecast,2025-03-01,43284.34
TXN0002931,REV001,L04,Actual,2025-03-01,705910.2
TXN0002932,REV004,L01,Actual,2025-06-01,809587.24
TXN0002933,REV003,L10,Budget,2026-05-01,527548.06
TXN0002934,EXP057,L08,Actual,2026-02-01,370480.19
TXN0002935,EXP026,L04,Forecast,2025-02-01,299699.91
TXN0002936,REV005,L03,Forecast,2025-02-01,259480.63
TXN0002937,EXP005,L05,Budget,2025-07-01,104611.15
TXN0002938,EXP058,L12,Forecast,2025-11-01,122340.64
TXN0002939,HC002,L04,Budget,2025-02-01,14.0
TXN0002940,EXP021,L02,Budget,2025-03-01,171335.91
TXN0002941,EXP045,L04,Actual,2025-04-01,195294.06
TXN0002942,EXP060,L07,Forecast,2025-04-01,83752.74
TXN0002943,EXP035,L07,Actual,2025-02-01,33775.32
TXN0002944,EXP051,L01,Actual,2025-04-01,342374.65
TXN0002945,EXP057,L08,Budget,2026-04-01,48170.44
TXN0002946,EXP057,L08,Budget,2025-04-01,234020.78
TXN0002947,EXP020,L04,Budget,2025-05-01,122775.14
TXN0002948,EXP030,L12,Forecast,2025-01-01,66305.64
TXN0002949,EXP060,L07,Forecast,2026-06-01,321595.7
TXN0002950,EXP001,L02,Actual,2025-03-01,49453.98
TXN0002951,EXP054,L07,Forecast,2026-03-01,340731.59
TXN0002952,EXP020,L04,Actual,2025-05-01,363638.3
TXN0002953,EXP060,L07,Forecast,2025-03-01,309497.61
TXN0002954,EXP039,L07,Budget,2026-02-01,191621.87
TXN0002955,EXP033,L05,Actual,2026-04-01,153464.63
TXN0002956,EXP056,L07,Actual,2025-07-01,242868.13
TXN0002957,HC001,L04,Forecast,2025-03-01,3.0
TXN0002958,EXP059,L07,Forecast,2026-04-01,122062.85
TXN0002959,EXP003,L12,Forecast,2026-01-01,50601.46
TXN0002960,EXP037,L01,Actual,2025-06-01,101302.43
TXN0002961,EXP005,L05,Budget,2025-12-01,115015.64
TXN0002962,REV004,L01,Budget,2025-08-01,120041.0
TXN0002963,EXP022,L04,Budget,2025-11-01,22456.87
TXN0002964,EXP039,L07,Forecast,2026-02-01,386393.08
TXN0002965,EXP007,L02,Actual,2025-03-01,163794.94
TXN0002966,HC002,L04,Actual,2025-11-01,11.0
TXN0002967,EXP021,L02,Budget,2026-04-01,296358.28
TXN0002968,EXP058,L12,Budget,2025-01-01,57294.41
TXN0002969,EXP024,L10,Actual,2026-04-01,288824.25
TXN0002970,REV005,L03,Forecast,2026-03-01,546187.06
TXN0002971,EXP039,L07,Forecast,2025-09-01,209197.37
TXN0002972,EXP059,L07,Actual,2026-02-01,157389.84
TXN0002973,EXP019,L03,Forecast,2025-08-01,392502.34
TXN0002974,REV002,L09,Actual,2025-04-01,552220.01
TXN0002975,EXP041,L06,Forecast,2025-11-01,174208.99
TXN0002976,EXP023,L07,Forecast,2026-01-01,84866.47
TXN0002977,EXP024,L10,Forecast,2025-10-01,354832.05
TXN0002978,EXP055,L06,Budget,2026-03-01,255984.31
TXN0002979,EXP001,L02,Actual,2025-05-01,157107.08
TXN0002980,EXP004,L10,Forecast,2025-12-01,163227.26
TXN0002981,REV002,L09,Actual,2026-01-01,792870.04
TXN0002982,EXP031,L10,Budget,2025-02-01,35035.24
TXN0002983,EXP055,L06,Forecast,2025-09-01,46270.18
TXN0002984,EXP010,L07,Budget,2026-01-01,204679.12
TXN0002985,EXP027,L02,Budget,2025-09-01,18129.05
TXN0002986,EXP045,L04,Forecast,2026-03-01,311655.68
TXN0002987,EXP002,L10,Budget,2025-01-01,387429.03
TXN0002988,EXP053,L08,Actual,2026-02-01,217515.16
TXN0002989,REV004,L01,Forecast,2025-09-01,890034.14
TXN0002990,EXP052,L04,Budget,2026-04-01,55959.09
TXN0002991,EXP005,L05,Budget,2026-04-01,164242.25
TXN0002992,EXP008,L02,Forecast,2025-04-01,50442.42
TXN0002993,EXP056,L07,Forecast,2025-06-01,57722.78
TXN0002994,EXP005,L05,Forecast,2025-05-01,74030.56
TXN0002995,EXP036,L06,Budget,2025-10-01,7242.04
TXN0002996,HC003,L08,Actual,2025-11-01,56.0
TXN0002997,EXP005,L05,Forecast,2025-07-01,144450.51
TXN0002998,EXP039,L07,Forecast,2025-10-01,14716.01
TXN0002999,HC003,L08,Budget,2025-02-01,47.0
TXN0003000,EXP049,L04,Forecast,2025-09-01,182043.71
